panchayat_id,panchayat_name,date,target_temperature_c,target_rainfall_mm,target_humidity_percent,target_wind_speed_kmh,latitude,longitude,elevation_m,water_proximity_km,historical_flood_susceptibility,vegetation_index,land_cover,terrain_type,historical_temperature_c,historical_rainfall_mm,historical_humidity_percent,historical_wind_speed_kmh,historical_pressure_hpa,month,day_of_year,coarse_temperature_c,coarse_rainfall_mm,coarse_humidity_percent,coarse_wind_speed_kmh,previous_temperature_c,previous_rainfall_mm,previous_humidity_percent,dataset_type,weather_source,coarse_field_method,feature_temporal_rule
1,Example Panchayat 1,2026-05-19,24.8,2.7,71.0,13.8,17.53,73.52,40.0,1.8,0.62,0.71,Mixed Agriculture,Low Hill / Valley,27.25,0.8,76.0,15.6,1008.4,5,139,27.25,0.8,76.0,15.6,26.55,1.9,81.0,SIMULATED_DEMO_TRAINING,DEMO_DATASET,PREVIOUS_DAY_CROSS_PANCHAYAT_MEAN,TARGET_T_USES_ONLY_INFORMATION_FROM_T_MINUS_1_OR_EARLIER
1,Example Panchayat 1,2026-05-20,25.5,1.6,81.0,12.0,17.53,73.52,40.0,1.8,0.62,0.71,Mixed Agriculture,Low Hill / Valley,24.8,2.7,71.0,13.8,1010.15,5,140,24.8,2.7,71.0,13.8,27.25,0.8,76.0,SIMULATED_DEMO_TRAINING,DEMO_DATASET,PREVIOUS_DAY_CROSS_PANCHAYAT_MEAN,TARGET_T_USES_ONLY_INFORMATION_FROM_T_MINUS_1_OR_EARLIER
1,Example Panchayat 1,2026-05-21,26.2,0.5,76.0,17.4,17.53,73.52,40.0,1.8,0.62,0.71,Mixed Agriculture,Low Hill / Valley,25.5,1.6,81.0,12.0,1011.9,5,141,25.5,1.6,81.0,12.0,24.8,2.7,71.0,SIMULATED_DEMO_TRAINING,DEMO_DATASET,PREVIOUS_DAY_CROSS_PANCHAYAT_MEAN,TARGET_T_USES_ONLY_INFORMATION_FROM_T_MINUS_1_OR_EARLIER
1,Example Panchayat 1,2026-05-22,26.9,2.4,71.0,15.6,17.53,73.52,40.0,1.8,0.62,0.71,Mixed Agriculture,Low Hill / Valley,26.2,0.5,76.0,17.4,1007.35,5,142,26.2,0.5,76.0,17.4,25.5,1.6,81.0,SIMULATED_DEMO_TRAINING,DEMO_DATASET,PREVIOUS_DAY_CROSS_PANCHAYAT_MEAN,TARGET_T_USES_ONLY_INFORMATION_FROM_T_MINUS_1_OR_EARLIER
1,Example Panchayat 1,2026-05-23,27.6,1.3,81.0,13.8,17.53,73.52,40.0,1.8,0.62,0.71,Mixed Agriculture,Low Hill / Valley,26.9,2.4,71.0,15.6,1009.1,5,143,26.9,2.4,71.0,15.6,26.2,0.5,76.0,SIMULATED_DEMO_TRAINING,DEMO_DATASET,PREVIOUS_DAY_CROSS_PANCHAYAT_MEAN,TARGET_T_USES_ONLY_INFORMATION_FROM_T_MINUS_1_OR_EARLIER
1,Example Panchayat 1,2026-05-24,25.15,0.2,76.0,12.0,17.53,73.52,40.0,1.8,0.62,0.71,Mixed Agriculture,Low Hill / Valley,27.6,1.3,81.0,13.8,1010.85,5,144,27.6,1.3,81.0,13.8,26.9,2.4,71.0,SIMULATED_DEMO_TRAINING,DEMO_DATASET,PREVIOUS_DAY_CROSS_PANCHAYAT_MEAN,TARGET_T_USES_ONLY_INFORMATION_FROM_T_MINUS_1_OR_EARLIER
1,Example Panchayat 1,2026-05-25,25.85,2.1,71.0,17.4,17.53,73.52,40.0,1.8,0.62,0.71,Mixed Agriculture,Low Hill / Valley,25.15,0.2,76.0,12.0,1012.6,5,145,25.15,0.2,76.0,12.0,27.6,1.3,81.0,SIMULATED_DEMO_TRAINING,DEMO_DATASET,PREVIOUS_DAY_CROSS_PANCHAYAT_MEAN,TARGET_T_USES_ONLY_INFORMATION_FROM_T_MINUS_1_OR_EARLIER
1,Example Panchayat 1,2026-05-26,26.55,1.0,81.0,15.6,17.53,73.52,40.0,1.8,0.62,0.71,Mixed Agriculture,Low Hill / Valley,25.85,2.1,71.0,17.4,1008.05,5,146,25.85,2.1,71.0,17.4,25.15,0.2,76.0,SIMULATED_DEMO_TRAINING,DEMO_DATASET,PREVIOUS_DAY_CROSS_PANCHAYAT_MEAN,TARGET_T_USES_ONLY_INFORMATION_FROM_T_MINUS_1_OR_EARLIER
1,Example Panchayat 1,2026-05-27,27.25,2.9,76.0,13.8,17.53,73.52,40.0,1.8,0.62,0.71,Mixed Agriculture,Low Hill / Valley,26.55,1.0,81.0,15.6,1009.8,5,147,26.55,1.0,81.0,15.6,25.85,2.1,71.0,SIMULATED_DEMO_TRAINING,DEMO_DATASET,PREVIOUS_DAY_CROSS_PANCHAYAT_MEAN,TARGET_T_USES_ONLY_INFORMATION_FROM_T_MINUS_1_OR_EARLIER
1,Example Panchayat 1,2026-05-28,24.8,1.8,71.0,12.0,17.53,73.52,40.0,1.8,0.62,0.71,Mixed Agriculture,Low Hill / Valley,27.25,2.9,76.0,13.8,1011.55,5,148,27.25,2.9,76.0,13.8,26.55,1.0,81.0,SIMULATED_DEMO_TRAINING,DEMO_DATASET,PREVIOUS_DAY_CROSS_PANCHAYAT_MEAN,TARGET_T_USES_ONLY_INFORMATION_FROM_T_MINUS_1_OR_EARLIER
1,Example Panchayat 1,2026-05-29,25.5,0.7,81.0,17.4,17.53,73.52,40.0,1.8,0.62,0.71,Mixed Agriculture,Low Hill / Valley,24.8,1.8,71.0,12.0,1007.0,5,149,24.8,1.8,71.0,12.0,27.25,2.9,76.0,SIMULATED_DEMO_TRAINING,DEMO_DATASET,PREVIOUS_DAY_CROSS_PANCHAYAT_MEAN,TARGET_T_USES_ONLY_INFORMATION_FROM_T_MINUS_1_OR_EARLIER
1,Example Panchayat 1,2026-05-30,26.2,2.6,76.0,15.6,17.53,73.52,40.0,1.8,0.62,0.71,Mixed Agriculture,Low Hill / Valley,25.5,0.7,81.0,17.4,1008.75,5,150,25.5,0.7,81.0,17.4,24.8,1.8,71.0,SIMULATED_DEMO_TRAINING,DEMO_DATASET,PREVIOUS_DAY_CROSS_PANCHAYAT_MEAN,TARGET_T_USES_ONLY_INFORMATION_FROM_T_MINUS_1_OR_EARLIER
1,Example Panchayat 1,2026-05-31,26.9,1.5,71.0,13.8,17.53,73.52,40.0,1.8,0.62,0.71,Mixed Agriculture,Low Hill / Valley,26.2,2.6,76.0,15.6,1010.5,5,151,26.2,2.6,76.0,15.6,25.5,0.7,81.0,SIMULATED_DEMO_TRAINING,DEMO_DATASET,PREVIOUS_DAY_CROSS_PANCHAYAT_MEAN,TARGET_T_USES_ONLY_INFORMATION_FROM_T_MINUS_1_OR_EARLIER
1,Example Panchayat 1,2026-06-01,27.6,0.4,81.0,12.0,17.53,73.52,40.0,1.8,0.62,0.71,Mixed Agriculture,Low Hill / Valley,26.9,1.5,71.0,13.8,1012.25,6,152,26.9,1.5,71.0,13.8,26.2,2.6,76.0,SIMULATED_DEMO_TRAINING,DEMO_DATASET,PREVIOUS_DAY_CROSS_PANCHAYAT_MEAN,TARGET_T_USES_ONLY_INFORMATION_FROM_T_MINUS_1_OR_EARLIER
1,Example Panchayat 1,2026-06-02,25.15,2.3,76.0,17.4,17.53,73.52,40.0,1.8,0.62,0.71,Mixed Agriculture,Low Hill / Valley,27.6,0.4,81.0,12.0,1007.7,6,153,27.6,0.4,81.0,12.0,26.9,1.5,71.0,SIMULATED_DEMO_TRAINING,DEMO_DATASET,PREVIOUS_DAY_CROSS_PANCHAYAT_MEAN,TARGET_T_USES_ONLY_INFORMATION_FROM_T_MINUS_1_OR_EARLIER
1,Example Panchayat 1,2026-06-03,25.85,1.2,71.0,15.6,17.53,73.52,40.0,1.8,0.62,0.71,Mixed Agriculture,Low Hill / Valley,25.15,2.3,76.0,17.4,1009.45,6,154,25.15,2.3,76.0,17.4,27.6,0.4,81.0,SIMULATED_DEMO_TRAINING,DEMO_DATASET,PREVIOUS_DAY_CROSS_PANCHAYAT_MEAN,TARGET_T_USES_ONLY_INFORMATION_FROM_T_MINUS_1_OR_EARLIER
1,Example Panchayat 1,2026-06-04,26.55,0.1,81.0,13.8,17.53,73.52,40.0,1.8,0.62,0.71,Mixed Agriculture,Low Hill / Valley,25.85,1.2,71.0,15.6,1011.2,6,155,25.85,1.2,71.0,15.6,25.15,2.3,76.0,SIMULATED_DEMO_TRAINING,DEMO_DATASET,PREVIOUS_DAY_CROSS_PANCHAYAT_MEAN,TARGET_T_USES_ONLY_INFORMATION_FROM_T_MINUS_1_OR_EARLIER
1,Example Panchayat 1,2026-06-05,27.25,2.0,76.0,12.0,17.53,73.52,40.0,1.8,0.62,0.71,Mixed Agriculture,Low Hill / Valley,26.55,0.1,81.0,13.8,1012.95,6,156,26.55,0.1,81.0,13.8,25.85,1.2,71.0,SIMULATED_DEMO_TRAINING,DEMO_DATASET,PREVIOUS_DAY_CROSS_PANCHAYAT_MEAN,TARGET_T_USES_ONLY_INFORMATION_FROM_T_MINUS_1_OR_EARLIER
1,Example Panchayat 1,2026-06-06,24.8,0.9,71.0,17.4,17.53,73.52,40.0,1.8,0.62,0.71,Mixed Agriculture,Low Hill / Valley,27.25,2.0,76.0,12.0,1008.4,6,157,27.25,2.0,76.0,12.0,26.55,0.1,81.0,SIMULATED_DEMO_TRAINING,DEMO_DATASET,PREVIOUS_DAY_CROSS_PANCHAYAT_MEAN,TARGET_T_USES_ONLY_INFORMATION_FROM_T_MINUS_1_OR_EARLIER
1,Example Panchayat 1,2026-06-07,25.5,2.8,81.0,15.6,17.53,73.52,40.0,1.8,0.62,0.71,Mixed Agriculture,Low Hill / Valley,24.8,0.9,71.0,17.4,1010.15,6,158,24.8,0.9,71.0,17.4,27.25,2.0,76.0,SIMULATED_DEMO_TRAINING,DEMO_DATASET,PREVIOUS_DAY_CROSS_PANCHAYAT_MEAN,TARGET_T_USES_ONLY_INFORMATION_FROM_T_MINUS_1_OR_EARLIER
1,Example Panchayat 1,2026-06-08,26.2,1.7,76.0,13.8,17.53,73.52,40.0,1.8,0.62,0.71,Mixed Agriculture,Low Hill / Valley,25.5,2.8,81.0,15.6,1011.9,6,159,25.5,2.8,81.0,15.6,24.8,0.9,71.0,SIMULATED_DEMO_TRAINING,DEMO_DATASET,PREVIOUS_DAY_CROSS_PANCHAYAT_MEAN,TARGET_T_USES_ONLY_INFORMATION_FROM_T_MINUS_1_OR_EARLIER
1,Example Panchayat 1,2026-06-09,26.9,0.6,71.0,12.0,17.53,73.52,40.0,1.8,0.62,0.71,Mixed Agriculture,Low Hill / Valley,26.2,1.7,76.0,13.8,1007.35,6,160,26.2,1.7,76.0,13.8,25.5,2.8,81.0,SIMULATED_DEMO_TRAINING,DEMO_DATASET,PREVIOUS_DAY_CROSS_PANCHAYAT_MEAN,TARGET_T_USES_ONLY_INFORMATION_FROM_T_MINUS_1_OR_EARLIER
1,Example Panchayat 1,2026-06-10,27.6,2.5,81.0,17.4,17.53,73.52,40.0,1.8,0.62,0.71,Mixed Agriculture,Low Hill / Valley,26.9,0.6,71.0,12.0,1009.1,6,161,26.9,0.6,71.0,12.0,26.2,1.7,76.0,SIMULATED_DEMO_TRAINING,DEMO_DATASET,PREVIOUS_DAY_CROSS_PANCHAYAT_MEAN,TARGET_T_USES_ONLY_INFORMATION_FROM_T_MINUS_1_OR_EARLIER
1,Example Panchayat 1,2026-06-11,25.15,1.4,76.0,15.6,17.53,73.52,40.0,1.8,0.62,0.71,Mixed Agriculture,Low Hill / Valley,27.6,2.5,81.0,17.4,1010.85,6,162,27.6,2.5,81.0,17.4,26.9,0.6,71.0,SIMULATED_DEMO_TRAINING,DEMO_DATASET,PREVIOUS_DAY_CROSS_PANCHAYAT_MEAN,TARGET_T_USES_ONLY_INFORMATION_FROM_T_MINUS_1_OR_EARLIER
1,Example Panchayat 1,2026-06-12,25.85,0.3,71.0,13.8,17.53,73.52,40.0,1.8,0.62,0.71,Mixed Agriculture,Low Hill / Valley,25.15,1.4,76.0,15.6,1012.6,6,163,25.15,1.4,76.0,15.6,27.6,2.5,81.0,SIMULATED_DEMO_TRAINING,DEMO_DATASET,PREVIOUS_DAY_CROSS_PANCHAYAT_MEAN,TARGET_T_USES_ONLY_INFORMATION_FROM_T_MINUS_1_OR_EARLIER
1,Example Panchayat 1,2026-06-13,26.55,2.2,81.0,12.0,17.53,73.52,40.0,1.8,0.62,0.71,Mixed Agriculture,Low Hill / Valley,25.85,0.3,71.0,13.8,1008.05,6,164,25.85,0.3,71.0,13.8,25.15,1.4,76.0,SIMULATED_DEMO_TRAINING,DEMO_DATASET,PREVIOUS_DAY_CROSS_PANCHAYAT_MEAN,TARGET_T_USES_ONLY_INFORMATION_FROM_T_MINUS_1_OR_EARLIER
1,Example Panchayat 1,2026-06-14,27.25,1.1,76.0,17.4,17.53,73.52,40.0,1.8,0.62,0.71,Mixed Agriculture,Low Hill / Valley,26.55,2.2,81.0,12.0,1009.8,6,165,26.55,2.2,81.0,12.0,25.85,0.3,71.0,SIMULATED_DEMO_TRAINING,DEMO_DATASET,PREVIOUS_DAY_CROSS_PANCHAYAT_MEAN,TARGET_T_USES_ONLY_INFORMATION_FROM_T_MINUS_1_OR_EARLIER
1,Example Panchayat 1,2026-06-15,24.8,0.0,71.0,15.6,17.53,73.52,40.0,1.8,0.62,0.71,Mixed Agriculture,Low Hill / Valley,27.25,1.1,76.0,17.4,1011.55,6,166,27.25,1.1,76.0,17.4,26.55,2.2,81.0,SIMULATED_DEMO_TRAINING,DEMO_DATASET,PREVIOUS_DAY_CROSS_PANCHAYAT_MEAN,TARGET_T_USES_ONLY_INFORMATION_FROM_T_MINUS_1_OR_EARLIER
1,Example Panchayat 1,2026-06-16,25.5,1.9,81.0,13.8,17.53,73.52,40.0,1.8,0.62,0.71,Mixed Agriculture,Low Hill / Valley,24.8,0.0,71.0,15.6,1007.0,6,167,24.8,0.0,71.0,15.6,27.25,1.1,76.0,SIMULATED_DEMO_TRAINING,DEMO_DATASET,PREVIOUS_DAY_CROSS_PANCHAYAT_MEAN,TARGET_T_USES_ONLY_INFORMATION_FROM_T_MINUS_1_OR_EARLIER
1,Example Panchayat 1,2026-06-17,26.2,0.8,76.0,12.0,17.53,73.52,40.0,1.8,0.62,0.71,Mixed Agriculture,Low Hill / Valley,25.5,1.9,81.0,13.8,1008.75,6,168,25.5,1.9,81.0,13.8,24.8,0.0,71.0,SIMULATED_DEMO_TRAINING,DEMO_DATASET,PREVIOUS_DAY_CROSS_PANCHAYAT_MEAN,TARGET_T_USES_ONLY_INFORMATION_FROM_T_MINUS_1_OR_EARLIER
1,Example Panchayat 1,2026-06-18,26.9,2.7,71.0,17.4,17.53,73.52,40.0,1.8,0.62,0.71,Mixed Agriculture,Low Hill / Valley,26.2,0.8,76.0,12.0,1010.5,6,169,26.2,0.8,76.0,12.0,25.5,1.9,81.0,SIMULATED_DEMO_TRAINING,DEMO_DATASET,PREVIOUS_DAY_CROSS_PANCHAYAT_MEAN,TARGET_T_USES_ONLY_INFORMATION_FROM_T_MINUS_1_OR_EARLIER
1,Example Panchayat 1,2026-06-19,27.6,1.6,81.0,15.6,17.53,73.52,40.0,1.8,0.62,0.71,Mixed Agriculture,Low Hill / Valley,26.9,2.7,71.0,17.4,1012.25,6,170,26.9,2.7,71.0,17.4,26.2,0.8,76.0,SIMULATED_DEMO_TRAINING,DEMO_DATASET,PREVIOUS_DAY_CROSS_PANCHAYAT_MEAN,TARGET_T_USES_ONLY_INFORMATION_FROM_T_MINUS_1_OR_EARLIER
1,Example Panchayat 1,2026-06-20,25.15,0.5,76.0,13.8,17.53,73.52,40.0,1.8,0.62,0.71,Mixed Agriculture,Low Hill / Valley,27.6,1.6,81.0,15.6,1007.7,6,171,27.6,1.6,81.0,15.6,26.9,2.7,71.0,SIMULATED_DEMO_TRAINING,DEMO_DATASET,PREVIOUS_DAY_CROSS_PANCHAYAT_MEAN,TARGET_T_USES_ONLY_INFORMATION_FROM_T_MINUS_1_OR_EARLIER
1,Example Panchayat 1,2026-06-21,25.85,2.4,71.0,12.0,17.53,73.52,40.0,1.8,0.62,0.71,Mixed Agriculture,Low Hill / Valley,25.15,0.5,76.0,13.8,1009.45,6,172,25.15,0.5,76.0,13.8,27.6,1.6,81.0,SIMULATED_DEMO_TRAINING,DEMO_DATASET,PREVIOUS_DAY_CROSS_PANCHAYAT_MEAN,TARGET_T_USES_ONLY_INFORMATION_FROM_T_MINUS_1_OR_EARLIER
1,Example Panchayat 1,2026-06-22,26.55,1.3,81.0,17.4,17.53,73.52,40.0,1.8,0.62,0.71,Mixed Agriculture,Low Hill / Valley,25.85,2.4,71.0,12.0,1011.2,6,173,25.85,2.4,71.0,12.0,25.15,0.5,76.0,SIMULATED_DEMO_TRAINING,DEMO_DATASET,PREVIOUS_DAY_CROSS_PANCHAYAT_MEAN,TARGET_T_USES_ONLY_INFORMATION_FROM_T_MINUS_1_OR_EARLIER
1,Example Panchayat 1,2026-06-23,27.25,0.2,76.0,15.6,17.53,73.52,40.0,1.8,0.62,0.71,Mixed Agriculture,Low Hill / Valley,26.55,1.3,81.0,17.4,1012.95,6,174,26.55,1.3,81.0,17.4,25.85,2.4,71.0,SIMULATED_DEMO_TRAINING,DEMO_DATASET,PREVIOUS_DAY_CROSS_PANCHAYAT_MEAN,TARGET_T_USES_ONLY_INFORMATION_FROM_T_MINUS_1_OR_EARLIER
1,Example Panchayat 1,2026-06-24,24.8,2.1,71.0,13.8,17.53,73.52,40.0,1.8,0.62,0.71,Mixed Agriculture,Low Hill / Valley,27.25,0.2,76.0,15.6,1008.4,6,175,27.25,0.2,76.0,15.6,26.55,1.3,81.0,SIMULATED_DEMO_TRAINING,DEMO_DATASET,PREVIOUS_DAY_CROSS_PANCHAYAT_MEAN,TARGET_T_USES_ONLY_INFORMATION_FROM_T_MINUS_1_OR_EARLIER
1,Example Panchayat 1,2026-06-25,25.5,1.0,81.0,12.0,17.53,73.52,40.0,1.8,0.62,0.71,Mixed Agriculture,Low Hill / Valley,24.8,2.1,71.0,13.8,1010.15,6,176,24.8,2.1,71.0,13.8,27.25,0.2,76.0,SIMULATED_DEMO_TRAINING,DEMO_DATASET,PREVIOUS_DAY_CROSS_PANCHAYAT_MEAN,TARGET_T_USES_ONLY_INFORMATION_FROM_T_MINUS_1_OR_EARLIER
1,Example Panchayat 1,2026-06-26,26.2,2.9,76.0,17.4,17.53,73.52,40.0,1.8,0.62,0.71,Mixed Agriculture,Low Hill / Valley,25.5,1.0,81.0,12.0,1011.9,6,177,25.5,1.0,81.0,12.0,24.8,2.1,71.0,SIMULATED_DEMO_TRAINING,DEMO_DATASET,PREVIOUS_DAY_CROSS_PANCHAYAT_MEAN,TARGET_T_USES_ONLY_INFORMATION_FROM_T_MINUS_1_OR_EARLIER
1,Example Panchayat 1,2026-06-27,26.9,1.8,71.0,15.6,17.53,73.52,40.0,1.8,0.62,0.71,Mixed Agriculture,Low Hill / Valley,26.2,2.9,76.0,17.4,1007.35,6,178,26.2,2.9,76.0,17.4,25.5,1.0,81.0,SIMULATED_DEMO_TRAINING,DEMO_DATASET,PREVIOUS_DAY_CROSS_PANCHAYAT_MEAN,TARGET_T_USES_ONLY_INFORMATION_FROM_T_MINUS_1_OR_EARLIER
1,Example Panchayat 1,2026-06-28,27.6,0.7,81.0,13.8,17.53,73.52,40.0,1.8,0.62,0.71,Mixed Agriculture,Low Hill / Valley,26.9,1.8,71.0,15.6,1009.1,6,179,26.9,1.8,71.0,15.6,26.2,2.9,76.0,SIMULATED_DEMO_TRAINING,DEMO_DATASET,PREVIOUS_DAY_CROSS_PANCHAYAT_MEAN,TARGET_T_USES_ONLY_INFORMATION_FROM_T_MINUS_1_OR_EARLIER
1,Example Panchayat 1,2026-06-29,25.15,2.6,76.0,12.0,17.53,73.52,40.0,1.8,0.62,0.71,Mixed Agriculture,Low Hill / Valley,27.6,0.7,81.0,13.8,1010.85,6,180,27.6,0.7,81.0,13.8,26.9,1.8,71.0,SIMULATED_DEMO_TRAINING,DEMO_DATASET,PREVIOUS_DAY_CROSS_PANCHAYAT_MEAN,TARGET_T_USES_ONLY_INFORMATION_FROM_T_MINUS_1_OR_EARLIER
1,Example Panchayat 1,2026-06-30,25.85,1.5,71.0,17.4,17.53,73.52,40.0,1.8,0.62,0.71,Mixed Agriculture,Low Hill / Valley,25.15,2.6,76.0,12.0,1012.6,6,181,25.15,2.6,76.0,12.0,27.6,0.7,81.0,SIMULATED_DEMO_TRAINING,DEMO_DATASET,PREVIOUS_DAY_CROSS_PANCHAYAT_MEAN,TARGET_T_USES_ONLY_INFORMATION_FROM_T_MINUS_1_OR_EARLIER
1,Example Panchayat 1,2026-07-01,26.55,0.4,81.0,15.6,17.53,73.52,40.0,1.8,0.62,0.71,Mixed Agriculture,Low Hill / Valley,25.85,1.5,71.0,17.4,1008.05,7,182,25.85,1.5,71.0,17.4,25.15,2.6,76.0,SIMULATED_DEMO_TRAINING,DEMO_DATASET,PREVIOUS_DAY_CROSS_PANCHAYAT_MEAN,TARGET_T_USES_ONLY_INFORMATION_FROM_T_MINUS_1_OR_EARLIER
1,Example Panchayat 1,2026-07-02,27.25,2.3,76.0,13.8,17.53,73.52,40.0,1.8,0.62,0.71,Mixed Agriculture,Low Hill / Valley,26.55,0.4,81.0,15.6,1009.8,7,183,26.55,0.4,81.0,15.6,25.85,1.5,71.0,SIMULATED_DEMO_TRAINING,DEMO_DATASET,PREVIOUS_DAY_CROSS_PANCHAYAT_MEAN,TARGET_T_USES_ONLY_INFORMATION_FROM_T_MINUS_1_OR_EARLIER
1,Example Panchayat 1,2026-07-03,24.8,1.2,71.0,12.0,17.53,73.52,40.0,1.8,0.62,0.71,Mixed Agriculture,Low Hill / Valley,27.25,2.3,76.0,13.8,1011.55,7,184,27.25,2.3,76.0,13.8,26.55,0.4,81.0,SIMULATED_DEMO_TRAINING,DEMO_DATASET,PREVIOUS_DAY_CROSS_PANCHAYAT_MEAN,TARGET_T_USES_ONLY_INFORMATION_FROM_T_MINUS_1_OR_EARLIER
1,Example Panchayat 1,2026-07-04,25.5,0.1,81.0,17.4,17.53,73.52,40.0,1.8,0.62,0.71,Mixed Agriculture,Low Hill / Valley,24.8,1.2,71.0,12.0,1007.0,7,185,24.8,1.2,71.0,12.0,27.25,2.3,76.0,SIMULATED_DEMO_TRAINING,DEMO_DATASET,PREVIOUS_DAY_CROSS_PANCHAYAT_MEAN,TARGET_T_USES_ONLY_INFORMATION_FROM_T_MINUS_1_OR_EARLIER
1,Example Panchayat 1,2026-07-05,26.2,2.0,76.0,15.6,17.53,73.52,40.0,1.8,0.62,0.71,Mixed Agriculture,Low Hill / Valley,25.5,0.1,81.0,17.4,1008.75,7,186,25.5,0.1,81.0,17.4,24.8,1.2,71.0,SIMULATED_DEMO_TRAINING,DEMO_DATASET,PREVIOUS_DAY_CROSS_PANCHAYAT_MEAN,TARGET_T_USES_ONLY_INFORMATION_FROM_T_MINUS_1_OR_EARLIER
1,Example Panchayat 1,2026-07-06,26.9,0.9,71.0,13.8,17.53,73.52,40.0,1.8,0.62,0.71,Mixed Agriculture,Low Hill / Valley,26.2,2.0,76.0,15.6,1010.5,7,187,26.2,2.0,76.0,15.6,25.5,0.1,81.0,SIMULATED_DEMO_TRAINING,DEMO_DATASET,PREVIOUS_DAY_CROSS_PANCHAYAT_MEAN,TARGET_T_USES_ONLY_INFORMATION_FROM_T_MINUS_1_OR_EARLIER
1,Example Panchayat 1,2026-07-07,27.6,2.8,81.0,12.0,17.53,73.52,40.0,1.8,0.62,0.71,Mixed Agriculture,Low Hill / Valley,26.9,0.9,71.0,13.8,1012.25,7,188,26.9,0.9,71.0,13.8,26.2,2.0,76.0,SIMULATED_DEMO_TRAINING,DEMO_DATASET,PREVIOUS_DAY_CROSS_PANCHAYAT_MEAN,TARGET_T_USES_ONLY_INFORMATION_FROM_T_MINUS_1_OR_EARLIER
1,Example Panchayat 1,2026-07-08,25.15,1.7,76.0,17.4,17.53,73.52,40.0,1.8,0.62,0.71,Mixed Agriculture,Low Hill / Valley,27.6,2.8,81.0,12.0,1007.7,7,189,27.6,2.8,81.0,12.0,26.9,0.9,71.0,SIMULATED_DEMO_TRAINING,DEMO_DATASET,PREVIOUS_DAY_CROSS_PANCHAYAT_MEAN,TARGET_T_USES_ONLY_INFORMATION_FROM_T_MINUS_1_OR_EARLIER
1,Example Panchayat 1,2026-07-09,25.85,0.6,71.0,15.6,17.53,73.52,40.0,1.8,0.62,0.71,Mixed Agriculture,Low Hill / Valley,25.15,1.7,76.0,17.4,1009.45,7,190,25.15,1.7,76.0,17.4,27.6,2.8,81.0,SIMULATED_DEMO_TRAINING,DEMO_DATASET,PREVIOUS_DAY_CROSS_PANCHAYAT_MEAN,TARGET_T_USES_ONLY_INFORMATION_FROM_T_MINUS_1_OR_EARLIER
1,Example Panchayat 1,2026-07-10,26.55,2.5,81.0,13.8,17.53,73.52,40.0,1.8,0.62,0.71,Mixed Agriculture,Low Hill / Valley,25.85,0.6,71.0,15.6,1011.2,7,191,25.85,0.6,71.0,15.6,25.15,1.7,76.0,SIMULATED_DEMO_TRAINING,DEMO_DATASET,PREVIOUS_DAY_CROSS_PANCHAYAT_MEAN,TARGET_T_USES_ONLY_INFORMATION_FROM_T_MINUS_1_OR_EARLIER
1,Example Panchayat 1,2026-07-11,27.25,1.4,76.0,12.0,17.53,73.52,40.0,1.8,0.62,0.71,Mixed Agriculture,Low Hill / Valley,26.55,2.5,81.0,13.8,1012.95,7,192,26.55,2.5,81.0,13.8,25.85,0.6,71.0,SIMULATED_DEMO_TRAINING,DEMO_DATASET,PREVIOUS_DAY_CROSS_PANCHAYAT_MEAN,TARGET_T_USES_ONLY_INFORMATION_FROM_T_MINUS_1_OR_EARLIER
1,Example Panchayat 1,2026-07-12,24.8,0.3,71.0,17.4,17.53,73.52,40.0,1.8,0.62,0.71,Mixed Agriculture,Low Hill / Valley,27.25,1.4,76.0,12.0,1008.4,7,193,27.25,1.4,76.0,12.0,26.55,2.5,81.0,SIMULATED_DEMO_TRAINING,DEMO_DATASET,PREVIOUS_DAY_CROSS_PANCHAYAT_MEAN,TARGET_T_USES_ONLY_INFORMATION_FROM_T_MINUS_1_OR_EARLIER
1,Example Panchayat 1,2026-07-13,25.5,2.2,81.0,15.6,17.53,73.52,40.0,1.8,0.62,0.71,Mixed Agriculture,Low Hill / Valley,24.8,0.3,71.0,17.4,1010.15,7,194,24.8,0.3,71.0,17.4,27.25,1.4,76.0,SIMULATED_DEMO_TRAINING,DEMO_DATASET,PREVIOUS_DAY_CROSS_PANCHAYAT_MEAN,TARGET_T_USES_ONLY_INFORMATION_FROM_T_MINUS_1_OR_EARLIER
1,Example Panchayat 1,2026-07-14,26.2,1.1,76.0,13.8,17.53,73.52,40.0,1.8,0.62,0.71,Mixed Agriculture,Low Hill / Valley,25.5,2.2,81.0,15.6,1011.9,7,195,25.5,2.2,81.0,15.6,24.8,0.3,71.0,SIMULATED_DEMO_TRAINING,DEMO_DATASET,PREVIOUS_DAY_CROSS_PANCHAYAT_MEAN,TARGET_T_USES_ONLY_INFORMATION_FROM_T_MINUS_1_OR_EARLIER
1,Example Panchayat 1,2026-07-15,26.9,0.0,71.0,12.0,17.53,73.52,40.0,1.8,0.62,0.71,Mixed Agriculture,Low Hill / Valley,26.2,1.1,76.0,13.8,1007.35,7,196,26.2,1.1,76.0,13.8,25.5,2.2,81.0,SIMULATED_DEMO_TRAINING,DEMO_DATASET,PREVIOUS_DAY_CROSS_PANCHAYAT_MEAN,TARGET_T_USES_ONLY_INFORMATION_FROM_T_MINUS_1_OR_EARLIER
1,Example Panchayat 1,2026-07-16,27.6,1.9,81.0,17.4,17.53,73.52,40.0,1.8,0.62,0.71,Mixed Agriculture,Low Hill / Valley,26.9,0.0,71.0,12.0,1009.1,7,197,26.9,0.0,71.0,12.0,26.2,1.1,76.0,SIMULATED_DEMO_TRAINING,DEMO_DATASET,PREVIOUS_DAY_CROSS_PANCHAYAT_MEAN,TARGET_T_USES_ONLY_INFORMATION_FROM_T_MINUS_1_OR_EARLIER
1,Example Panchayat 1,2026-07-17,25.15,0.8,76.0,15.6,17.53,73.52,40.0,1.8,0.62,0.71,Mixed Agriculture,Low Hill / Valley,27.6,1.9,81.0,17.4,1010.85,7,198,27.6,1.9,81.0,17.4,26.9,0.0,71.0,SIMULATED_DEMO_TRAINING,DEMO_DATASET,PREVIOUS_DAY_CROSS_PANCHAYAT_MEAN,TARGET_T_USES_ONLY_INFORMATION_FROM_T_MINUS_1_OR_EARLIER
1,Example Panchayat 1,2026-07-18,25.85,2.7,71.0,13.8,17.53,73.52,40.0,1.8,0.62,0.71,Mixed Agriculture,Low Hill / Valley,25.15,0.8,76.0,15.6,1012.6,7,199,25.15,0.8,76.0,15.6,27.6,1.9,81.0,SIMULATED_DEMO_TRAINING,DEMO_DATASET,PREVIOUS_DAY_CROSS_PANCHAYAT_MEAN,TARGET_T_USES_ONLY_INFORMATION_FROM_T_MINUS_1_OR_EARLIER
1,Example Panchayat 1,2026-07-19,26.55,1.6,81.0,12.0,17.53,73.52,40.0,1.8,0.62,0.71,Mixed Agriculture,Low Hill / Valley,25.85,2.7,71.0,13.8,1008.05,7,200,25.85,2.7,71.0,13.8,25.15,0.8,76.0,SIMULATED_DEMO_TRAINING,DEMO_DATASET,PREVIOUS_DAY_CROSS_PANCHAYAT_MEAN,TARGET_T_USES_ONLY_INFORMATION_FROM_T_MINUS_1_OR_EARLIER
1,Example Panchayat 1,2026-07-20,27.25,0.5,76.0,17.4,17.53,73.52,40.0,1.8,0.62,0.71,Mixed Agriculture,Low Hill / Valley,26.55,1.6,81.0,12.0,1009.8,7,201,26.55,1.6,81.0,12.0,25.85,2.7,71.0,SIMULATED_DEMO_TRAINING,DEMO_DATASET,PREVIOUS_DAY_CROSS_PANCHAYAT_MEAN,TARGET_T_USES_ONLY_INFORMATION_FROM_T_MINUS_1_OR_EARLIER
1,Example Panchayat 1,2026-07-21,24.8,2.4,71.0,15.6,17.53,73.52,40.0,1.8,0.62,0.71,Mixed Agriculture,Low Hill / Valley,27.25,0.5,76.0,17.4,1011.55,7,202,27.25,0.5,76.0,17.4,26.55,1.6,81.0,SIMULATED_DEMO_TRAINING,DEMO_DATASET,PREVIOUS_DAY_CROSS_PANCHAYAT_MEAN,TARGET_T_USES_ONLY_INFORMATION_FROM_T_MINUS_1_OR_EARLIER
1,Example Panchayat 1,2026-07-22,25.5,1.3,81.0,13.8,17.53,73.52,40.0,1.8,0.62,0.71,Mixed Agriculture,Low Hill / Valley,24.8,2.4,71.0,15.6,1007.0,7,203,24.8,2.4,71.0,15.6,27.25,0.5,76.0,SIMULATED_DEMO_TRAINING,DEMO_DATASET,PREVIOUS_DAY_CROSS_PANCHAYAT_MEAN,TARGET_T_USES_ONLY_INFORMATION_FROM_T_MINUS_1_OR_EARLIER
1,Example Panchayat 1,2026-07-23,26.2,0.2,76.0,12.0,17.53,73.52,40.0,1.8,0.62,0.71,Mixed Agriculture,Low Hill / Valley,25.5,1.3,81.0,13.8,1008.75,7,204,25.5,1.3,81.0,13.8,24.8,2.4,71.0,SIMULATED_DEMO_TRAINING,DEMO_DATASET,PREVIOUS_DAY_CROSS_PANCHAYAT_MEAN,TARGET_T_USES_ONLY_INFORMATION_FROM_T_MINUS_1_OR_EARLIER
1,Example Panchayat 1,2026-07-24,26.9,2.1,71.0,17.4,17.53,73.52,40.0,1.8,0.62,0.71,Mixed Agriculture,Low Hill / Valley,26.2,0.2,76.0,12.0,1010.5,7,205,26.2,0.2,76.0,12.0,25.5,1.3,81.0,SIMULATED_DEMO_TRAINING,DEMO_DATASET,PREVIOUS_DAY_CROSS_PANCHAYAT_MEAN,TARGET_T_USES_ONLY_INFORMATION_FROM_T_MINUS_1_OR_EARLIER
1,Example Panchayat 1,2026-07-25,27.6,1.0,81.0,15.6,17.53,73.52,40.0,1.8,0.62,0.71,Mixed Agriculture,Low Hill / Valley,26.9,2.1,71.0,17.4,1012.25,7,206,26.9,2.1,71.0,17.4,26.2,0.2,76.0,SIMULATED_DEMO_TRAINING,DEMO_DATASET,PREVIOUS_DAY_CROSS_PANCHAYAT_MEAN,TARGET_T_USES_ONLY_INFORMATION_FROM_T_MINUS_1_OR_EARLIER
1,Example Panchayat 1,2026-07-26,25.15,2.9,76.0,13.8,17.53,73.52,40.0,1.8,0.62,0.71,Mixed Agriculture,Low Hill / Valley,27.6,1.0,81.0,15.6,1007.7,7,207,27.6,1.0,81.0,15.6,26.9,2.1,71.0,SIMULATED_DEMO_TRAINING,DEMO_DATASET,PREVIOUS_DAY_CROSS_PANCHAYAT_MEAN,TARGET_T_USES_ONLY_INFORMATION_FROM_T_MINUS_1_OR_EARLIER
1,Example Panchayat 1,2026-07-27,25.85,1.8,71.0,12.0,17.53,73.52,40.0,1.8,0.62,0.71,Mixed Agriculture,Low Hill / Valley,25.15,2.9,76.0,13.8,1009.45,7,208,25.15,2.9,76.0,13.8,27.6,1.0,81.0,SIMULATED_DEMO_TRAINING,DEMO_DATASET,PREVIOUS_DAY_CROSS_PANCHAYAT_MEAN,TARGET_T_USES_ONLY_INFORMATION_FROM_T_MINUS_1_OR_EARLIER
1,Example Panchayat 1,2026-07-28,26.55,0.7,81.0,17.4,17.53,73.52,40.0,1.8,0.62,0.71,Mixed Agriculture,Low Hill / Valley,25.85,1.8,71.0,12.0,1011.2,7,209,25.85,1.8,71.0,12.0,25.15,2.9,76.0,SIMULATED_DEMO_TRAINING,DEMO_DATASET,PREVIOUS_DAY_CROSS_PANCHAYAT_MEAN,TARGET_T_USES_ONLY_INFORMATION_FROM_T_MINUS_1_OR_EARLIER
1,Example Panchayat 1,2026-07-29,27.25,2.6,76.0,15.6,17.53,73.52,40.0,1.8,0.62,0.71,Mixed Agriculture,Low Hill / Valley,26.55,0.7,81.0,17.4,1012.95,7,210,26.55,0.7,81.0,17.4,25.85,1.8,71.0,SIMULATED_DEMO_TRAINING,DEMO_DATASET,PREVIOUS_DAY_CROSS_PANCHAYAT_MEAN,TARGET_T_USES_ONLY_INFORMATION_FROM_T_MINUS_1_OR_EARLIER
1,Example Panchayat 1,2026-07-30,24.8,1.5,71.0,13.8,17.53,73.52,40.0,1.8,0.62,0.71,Mixed Agriculture,Low Hill / Valley,27.25,2.6,76.0,15.6,1008.4,7,211,27.25,2.6,76.0,15.6,26.55,0.7,81.0,SIMULATED_DEMO_TRAINING,DEMO_DATASET,PREVIOUS_DAY_CROSS_PANCHAYAT_MEAN,TARGET_T_USES_ONLY_INFORMATION_FROM_T_MINUS_1_OR_EARLIER
1,Example Panchayat 1,2026-07-31,25.5,0.4,81.0,12.0,17.53,73.52,40.0,1.8,0.62,0.71,Mixed Agriculture,Low Hill / Valley,24.8,1.5,71.0,13.8,1010.15,7,212,24.8,1.5,71.0,13.8,27.25,2.6,76.0,SIMULATED_DEMO_TRAINING,DEMO_DATASET,PREVIOUS_DAY_CROSS_PANCHAYAT_MEAN,TARGET_T_USES_ONLY_INFORMATION_FROM_T_MINUS_1_OR_EARLIER
1,Example Panchayat 1,2026-08-01,26.2,2.3,76.0,17.4,17.53,73.52,40.0,1.8,0.62,0.71,Mixed Agriculture,Low Hill / Valley,25.5,0.4,81.0,12.0,1011.9,8,213,25.5,0.4,81.0,12.0,24.8,1.5,71.0,SIMULATED_DEMO_TRAINING,DEMO_DATASET,PREVIOUS_DAY_CROSS_PANCHAYAT_MEAN,TARGET_T_USES_ONLY_INFORMATION_FROM_T_MINUS_1_OR_EARLIER
1,Example Panchayat 1,2026-08-02,26.9,1.2,71.0,15.6,17.53,73.52,40.0,1.8,0.62,0.71,Mixed Agriculture,Low Hill / Valley,26.2,2.3,76.0,17.4,1007.35,8,214,26.2,2.3,76.0,17.4,25.5,0.4,81.0,SIMULATED_DEMO_TRAINING,DEMO_DATASET,PREVIOUS_DAY_CROSS_PANCHAYAT_MEAN,TARGET_T_USES_ONLY_INFORMATION_FROM_T_MINUS_1_OR_EARLIER
1,Example Panchayat 1,2026-08-03,27.6,0.1,81.0,13.8,17.53,73.52,40.0,1.8,0.62,0.71,Mixed Agriculture,Low Hill / Valley,26.9,1.2,71.0,15.6,1009.1,8,215,26.9,1.2,71.0,15.6,26.2,2.3,76.0,SIMULATED_DEMO_TRAINING,DEMO_DATASET,PREVIOUS_DAY_CROSS_PANCHAYAT_MEAN,TARGET_T_USES_ONLY_INFORMATION_FROM_T_MINUS_1_OR_EARLIER
1,Example Panchayat 1,2026-08-04,25.15,2.0,76.0,12.0,17.53,73.52,40.0,1.8,0.62,0.71,Mixed Agriculture,Low Hill / Valley,27.6,0.1,81.0,13.8,1010.85,8,216,27.6,0.1,81.0,13.8,26.9,1.2,71.0,SIMULATED_DEMO_TRAINING,DEMO_DATASET,PREVIOUS_DAY_CROSS_PANCHAYAT_MEAN,TARGET_T_USES_ONLY_INFORMATION_FROM_T_MINUS_1_OR_EARLIER
1,Example Panchayat 1,2026-08-05,25.85,0.9,71.0,17.4,17.53,73.52,40.0,1.8,0.62,0.71,Mixed Agriculture,Low Hill / Valley,25.15,2.0,76.0,12.0,1012.6,8,217,25.15,2.0,76.0,12.0,27.6,0.1,81.0,SIMULATED_DEMO_TRAINING,DEMO_DATASET,PREVIOUS_DAY_CROSS_PANCHAYAT_MEAN,TARGET_T_USES_ONLY_INFORMATION_FROM_T_MINUS_1_OR_EARLIER
1,Example Panchayat 1,2026-08-06,26.55,2.8,81.0,15.6,17.53,73.52,40.0,1.8,0.62,0.71,Mixed Agriculture,Low Hill / Valley,25.85,0.9,71.0,17.4,1008.05,8,218,25.85,0.9,71.0,17.4,25.15,2.0,76.0,SIMULATED_DEMO_TRAINING,DEMO_DATASET,PREVIOUS_DAY_CROSS_PANCHAYAT_MEAN,TARGET_T_USES_ONLY_INFORMATION_FROM_T_MINUS_1_OR_EARLIER
1,Example Panchayat 1,2026-08-07,27.25,1.7,76.0,13.8,17.53,73.52,40.0,1.8,0.62,0.71,Mixed Agriculture,Low Hill / Valley,26.55,2.8,81.0,15.6,1009.8,8,219,26.55,2.8,81.0,15.6,25.85,0.9,71.0,SIMULATED_DEMO_TRAINING,DEMO_DATASET,PREVIOUS_DAY_CROSS_PANCHAYAT_MEAN,TARGET_T_USES_ONLY_INFORMATION_FROM_T_MINUS_1_OR_EARLIER
1,Example Panchayat 1,2026-08-08,24.8,0.6,71.0,12.0,17.53,73.52,40.0,1.8,0.62,0.71,Mixed Agriculture,Low Hill / Valley,27.25,1.7,76.0,13.8,1011.55,8,220,27.25,1.7,76.0,13.8,26.55,2.8,81.0,SIMULATED_DEMO_TRAINING,DEMO_DATASET,PREVIOUS_DAY_CROSS_PANCHAYAT_MEAN,TARGET_T_USES_ONLY_INFORMATION_FROM_T_MINUS_1_OR_EARLIER
1,Example Panchayat 1,2026-08-09,25.5,2.5,81.0,17.4,17.53,73.52,40.0,1.8,0.62,0.71,Mixed Agriculture,Low Hill / Valley,24.8,0.6,71.0,12.0,1007.0,8,221,24.8,0.6,71.0,12.0,27.25,1.7,76.0,SIMULATED_DEMO_TRAINING,DEMO_DATASET,PREVIOUS_DAY_CROSS_PANCHAYAT_MEAN,TARGET_T_USES_ONLY_INFORMATION_FROM_T_MINUS_1_OR_EARLIER
1,Example Panchayat 1,2026-08-10,26.2,1.4,76.0,15.6,17.53,73.52,40.0,1.8,0.62,0.71,Mixed Agriculture,Low Hill / Valley,25.5,2.5,81.0,17.4,1008.75,8,222,25.5,2.5,81.0,17.4,24.8,0.6,71.0,SIMULATED_DEMO_TRAINING,DEMO_DATASET,PREVIOUS_DAY_CROSS_PANCHAYAT_MEAN,TARGET_T_USES_ONLY_INFORMATION_FROM_T_MINUS_1_OR_EARLIER
1,Example Panchayat 1,2026-08-11,26.9,0.3,71.0,13.8,17.53,73.52,40.0,1.8,0.62,0.71,Mixed Agriculture,Low Hill / Valley,26.2,1.4,76.0,15.6,1010.5,8,223,26.2,1.4,76.0,15.6,25.5,2.5,81.0,SIMULATED_DEMO_TRAINING,DEMO_DATASET,PREVIOUS_DAY_CROSS_PANCHAYAT_MEAN,TARGET_T_USES_ONLY_INFORMATION_FROM_T_MINUS_1_OR_EARLIER
1,Example Panchayat 1,2026-08-12,27.6,2.2,81.0,12.0,17.53,73.52,40.0,1.8,0.62,0.71,Mixed Agriculture,Low Hill / Valley,26.9,0.3,71.0,13.8,1012.25,8,224,26.9,0.3,71.0,13.8,26.2,1.4,76.0,SIMULATED_DEMO_TRAINING,DEMO_DATASET,PREVIOUS_DAY_CROSS_PANCHAYAT_MEAN,TARGET_T_USES_ONLY_INFORMATION_FROM_T_MINUS_1_OR_EARLIER
1,Example Panchayat 1,2026-08-13,25.15,1.1,76.0,17.4,17.53,73.52,40.0,1.8,0.62,0.71,Mixed Agriculture,Low Hill / Valley,27.6,2.2,81.0,12.0,1007.7,8,225,27.6,2.2,81.0,12.0,26.9,0.3,71.0,SIMULATED_DEMO_TRAINING,DEMO_DATASET,PREVIOUS_DAY_CROSS_PANCHAYAT_MEAN,TARGET_T_USES_ONLY_INFORMATION_FROM_T_MINUS_1_OR_EARLIER
1,Example Panchayat 1,2026-08-14,25.85,0.0,71.0,15.6,17.53,73.52,40.0,1.8,0.62,0.71,Mixed Agriculture,Low Hill / Valley,25.15,1.1,76.0,17.4,1009.45,8,226,25.15,1.1,76.0,17.4,27.6,2.2,81.0,SIMULATED_DEMO_TRAINING,DEMO_DATASET,PREVIOUS_DAY_CROSS_PANCHAYAT_MEAN,TARGET_T_USES_ONLY_INFORMATION_FROM_T_MINUS_1_OR_EARLIER
1,Example Panchayat 1,2026-08-15,26.55,1.9,81.0,13.8,17.53,73.52,40.0,1.8,0.62,0.71,Mixed Agriculture,Low Hill / Valley,25.85,0.0,71.0,15.6,1011.2,8,227,25.85,0.0,71.0,15.6,25.15,1.1,76.0,SIMULATED_DEMO_TRAINING,DEMO_DATASET,PREVIOUS_DAY_CROSS_PANCHAYAT_MEAN,TARGET_T_USES_ONLY_INFORMATION_FROM_T_MINUS_1_OR_EARLIER
1,Example Panchayat 1,2026-08-16,27.25,0.8,76.0,12.0,17.53,73.52,40.0,1.8,0.62,0.71,Mixed Agriculture,Low Hill / Valley,26.55,1.9,81.0,13.8,1012.95,8,228,26.55,1.9,81.0,13.8,25.85,0.0,71.0,SIMULATED_DEMO_TRAINING,DEMO_DATASET,PREVIOUS_DAY_CROSS_PANCHAYAT_MEAN,TARGET_T_USES_ONLY_INFORMATION_FROM_T_MINUS_1_OR_EARLIER
1,Example Panchayat 1,2026-08-17,24.8,2.7,71.0,17.4,17.53,73.52,40.0,1.8,0.62,0.71,Mixed Agriculture,Low Hill / Valley,27.25,0.8,76.0,12.0,1008.4,8,229,27.25,0.8,76.0,12.0,26.55,1.9,81.0,SIMULATED_DEMO_TRAINING,DEMO_DATASET,PREVIOUS_DAY_CROSS_PANCHAYAT_MEAN,TARGET_T_USES_ONLY_INFORMATION_FROM_T_MINUS_1_OR_EARLIER
1,Example Panchayat 1,2026-08-18,25.5,1.6,81.0,15.6,17.53,73.52,40.0,1.8,0.62,0.71,Mixed Agriculture,Low Hill / Valley,24.8,2.7,71.0,17.4,1010.15,8,230,24.8,2.7,71.0,17.4,27.25,0.8,76.0,SIMULATED_DEMO_TRAINING,DEMO_DATASET,PREVIOUS_DAY_CROSS_PANCHAYAT_MEAN,TARGET_T_USES_ONLY_INFORMATION_FROM_T_MINUS_1_OR_EARLIER
1,Example Panchayat 1,2026-08-19,26.2,0.5,76.0,13.8,17.53,73.52,40.0,1.8,0.62,0.71,Mixed Agriculture,Low Hill / Valley,25.5,1.6,81.0,15.6,1011.9,8,231,25.5,1.6,81.0,15.6,24.8,2.7,71.0,SIMULATED_DEMO_TRAINING,DEMO_DATASET,PREVIOUS_DAY_CROSS_PANCHAYAT_MEAN,TARGET_T_USES_ONLY_INFORMATION_FROM_T_MINUS_1_OR_EARLIER
1,Example Panchayat 1,2026-08-20,26.9,2.4,71.0,12.0,17.53,73.52,40.0,1.8,0.62,0.71,Mixed Agriculture,Low Hill / Valley,26.2,0.5,76.0,13.8,1007.35,8,232,26.2,0.5,76.0,13.8,25.5,1.6,81.0,SIMULATED_DEMO_TRAINING,DEMO_DATASET,PREVIOUS_DAY_CROSS_PANCHAYAT_MEAN,TARGET_T_USES_ONLY_INFORMATION_FROM_T_MINUS_1_OR_EARLIER
1,Example Panchayat 1,2026-08-21,27.6,1.3,81.0,17.4,17.53,73.52,40.0,1.8,0.62,0.71,Mixed Agriculture,Low Hill / Valley,26.9,2.4,71.0,12.0,1009.1,8,233,26.9,2.4,71.0,12.0,26.2,0.5,76.0,SIMULATED_DEMO_TRAINING,DEMO_DATASET,PREVIOUS_DAY_CROSS_PANCHAYAT_MEAN,TARGET_T_USES_ONLY_INFORMATION_FROM_T_MINUS_1_OR_EARLIER
1,Example Panchayat 1,2026-08-22,25.15,0.2,76.0,15.6,17.53,73.52,40.0,1.8,0.62,0.71,Mixed Agriculture,Low Hill / Valley,27.6,1.3,81.0,17.4,1010.85,8,234,27.6,1.3,81.0,17.4,26.9,2.4,71.0,SIMULATED_DEMO_TRAINING,DEMO_DATASET,PREVIOUS_DAY_CROSS_PANCHAYAT_MEAN,TARGET_T_USES_ONLY_INFORMATION_FROM_T_MINUS_1_OR_EARLIER
1,Example Panchayat 1,2026-08-23,25.85,2.1,71.0,13.8,17.53,73.52,40.0,1.8,0.62,0.71,Mixed Agriculture,Low Hill / Valley,25.15,0.2,76.0,15.6,1012.6,8,235,25.15,0.2,76.0,15.6,27.6,1.3,81.0,SIMULATED_DEMO_TRAINING,DEMO_DATASET,PREVIOUS_DAY_CROSS_PANCHAYAT_MEAN,TARGET_T_USES_ONLY_INFORMATION_FROM_T_MINUS_1_OR_EARLIER
1,Example Panchayat 1,2026-08-24,26.55,1.0,81.0,12.0,17.53,73.52,40.0,1.8,0.62,0.71,Mixed Agriculture,Low Hill / Valley,25.85,2.1,71.0,13.8,1008.05,8,236,25.85,2.1,71.0,13.8,25.15,0.2,76.0,SIMULATED_DEMO_TRAINING,DEMO_DATASET,PREVIOUS_DAY_CROSS_PANCHAYAT_MEAN,TARGET_T_USES_ONLY_INFORMATION_FROM_T_MINUS_1_OR_EARLIER
1,Example Panchayat 1,2026-08-25,27.25,2.9,76.0,17.4,17.53,73.52,40.0,1.8,0.62,0.71,Mixed Agriculture,Low Hill / Valley,26.55,1.0,81.0,12.0,1009.8,8,237,26.55,1.0,81.0,12.0,25.85,2.1,71.0,SIMULATED_DEMO_TRAINING,DEMO_DATASET,PREVIOUS_DAY_CROSS_PANCHAYAT_MEAN,TARGET_T_USES_ONLY_INFORMATION_FROM_T_MINUS_1_OR_EARLIER
1,Example Panchayat 1,2026-08-26,24.8,1.8,71.0,15.6,17.53,73.52,40.0,1.8,0.62,0.71,Mixed Agriculture,Low Hill / Valley,27.25,2.9,76.0,17.4,1011.55,8,238,27.25,2.9,76.0,17.4,26.55,1.0,81.0,SIMULATED_DEMO_TRAINING,DEMO_DATASET,PREVIOUS_DAY_CROSS_PANCHAYAT_MEAN,TARGET_T_USES_ONLY_INFORMATION_FROM_T_MINUS_1_OR_EARLIER
1,Example Panchayat 1,2026-08-27,25.5,0.7,81.0,13.8,17.53,73.52,40.0,1.8,0.62,0.71,Mixed Agriculture,Low Hill / Valley,24.8,1.8,71.0,15.6,1007.0,8,239,24.8,1.8,71.0,15.6,27.25,2.9,76.0,SIMULATED_DEMO_TRAINING,DEMO_DATASET,PREVIOUS_DAY_CROSS_PANCHAYAT_MEAN,TARGET_T_USES_ONLY_INFORMATION_FROM_T_MINUS_1_OR_EARLIER
1,Example Panchayat 1,2026-08-28,26.2,2.6,76.0,12.0,17.53,73.52,40.0,1.8,0.62,0.71,Mixed Agriculture,Low Hill / Valley,25.5,0.7,81.0,13.8,1008.75,8,240,25.5,0.7,81.0,13.8,24.8,1.8,71.0,SIMULATED_DEMO_TRAINING,DEMO_DATASET,PREVIOUS_DAY_CROSS_PANCHAYAT_MEAN,TARGET_T_USES_ONLY_INFORMATION_FROM_T_MINUS_1_OR_EARLIER
1,Example Panchayat 1,2026-08-29,26.9,1.5,71.0,17.4,17.53,73.52,40.0,1.8,0.62,0.71,Mixed Agriculture,Low Hill / Valley,26.2,2.6,76.0,12.0,1010.5,8,241,26.2,2.6,76.0,12.0,25.5,0.7,81.0,SIMULATED_DEMO_TRAINING,DEMO_DATASET,PREVIOUS_DAY_CROSS_PANCHAYAT_MEAN,TARGET_T_USES_ONLY_INFORMATION_FROM_T_MINUS_1_OR_EARLIER
1,Example Panchayat 1,2026-08-30,27.6,0.4,81.0,15.6,17.53,73.52,40.0,1.8,0.62,0.71,Mixed Agriculture,Low Hill / Valley,26.9,1.5,71.0,17.4,1012.25,8,242,26.9,1.5,71.0,17.4,26.2,2.6,76.0,SIMULATED_DEMO_TRAINING,DEMO_DATASET,PREVIOUS_DAY_CROSS_PANCHAYAT_MEAN,TARGET_T_USES_ONLY_INFORMATION_FROM_T_MINUS_1_OR_EARLIER
1,Example Panchayat 1,2026-08-31,25.15,2.3,76.0,13.8,17.53,73.52,40.0,1.8,0.62,0.71,Mixed Agriculture,Low Hill / Valley,27.6,0.4,81.0,15.6,1007.7,8,243,27.6,0.4,81.0,15.6,26.9,1.5,71.0,SIMULATED_DEMO_TRAINING,DEMO_DATASET,PREVIOUS_DAY_CROSS_PANCHAYAT_MEAN,TARGET_T_USES_ONLY_INFORMATION_FROM_T_MINUS_1_OR_EARLIER
1,Example Panchayat 1,2026-09-01,25.85,1.2,71.0,12.0,17.53,73.52,40.0,1.8,0.62,0.71,Mixed Agriculture,Low Hill / Valley,25.15,2.3,76.0,13.8,1009.45,9,244,25.15,2.3,76.0,13.8,27.6,0.4,81.0,SIMULATED_DEMO_TRAINING,DEMO_DATASET,PREVIOUS_DAY_CROSS_PANCHAYAT_MEAN,TARGET_T_USES_ONLY_INFORMATION_FROM_T_MINUS_1_OR_EARLIER
1,Example Panchayat 1,2026-09-02,26.55,0.1,81.0,17.4,17.53,73.52,40.0,1.8,0.62,0.71,Mixed Agriculture,Low Hill / Valley,25.85,1.2,71.0,12.0,1011.2,9,245,25.85,1.2,71.0,12.0,25.15,2.3,76.0,SIMULATED_DEMO_TRAINING,DEMO_DATASET,PREVIOUS_DAY_CROSS_PANCHAYAT_MEAN,TARGET_T_USES_ONLY_INFORMATION_FROM_T_MINUS_1_OR_EARLIER
1,Example Panchayat 1,2026-09-03,27.25,2.0,76.0,15.6,17.53,73.52,40.0,1.8,0.62,0.71,Mixed Agriculture,Low Hill / Valley,26.55,0.1,81.0,17.4,1012.95,9,246,26.55,0.1,81.0,17.4,25.85,1.2,71.0,SIMULATED_DEMO_TRAINING,DEMO_DATASET,PREVIOUS_DAY_CROSS_PANCHAYAT_MEAN,TARGET_T_USES_ONLY_INFORMATION_FROM_T_MINUS_1_OR_EARLIER
1,Example Panchayat 1,2026-09-04,24.8,0.9,71.0,13.8,17.53,73.52,40.0,1.8,0.62,0.71,Mixed Agriculture,Low Hill / Valley,27.25,2.0,76.0,15.6,1008.4,9,247,27.25,2.0,76.0,15.6,26.55,0.1,81.0,SIMULATED_DEMO_TRAINING,DEMO_DATASET,PREVIOUS_DAY_CROSS_PANCHAYAT_MEAN,TARGET_T_USES_ONLY_INFORMATION_FROM_T_MINUS_1_OR_EARLIER
1,Example Panchayat 1,2026-09-05,25.5,2.8,81.0,12.0,17.53,73.52,40.0,1.8,0.62,0.71,Mixed Agriculture,Low Hill / Valley,24.8,0.9,71.0,13.8,1010.15,9,248,24.8,0.9,71.0,13.8,27.25,2.0,76.0,SIMULATED_DEMO_TRAINING,DEMO_DATASET,PREVIOUS_DAY_CROSS_PANCHAYAT_MEAN,TARGET_T_USES_ONLY_INFORMATION_FROM_T_MINUS_1_OR_EARLIER
1,Example Panchayat 1,2026-09-06,26.2,1.7,76.0,17.4,17.53,73.52,40.0,1.8,0.62,0.71,Mixed Agriculture,Low Hill / Valley,25.5,2.8,81.0,12.0,1011.9,9,249,25.5,2.8,81.0,12.0,24.8,0.9,71.0,SIMULATED_DEMO_TRAINING,DEMO_DATASET,PREVIOUS_DAY_CROSS_PANCHAYAT_MEAN,TARGET_T_USES_ONLY_INFORMATION_FROM_T_MINUS_1_OR_EARLIER
1,Example Panchayat 1,2026-09-07,26.9,0.6,71.0,15.6,17.53,73.52,40.0,1.8,0.62,0.71,Mixed Agriculture,Low Hill / Valley,26.2,1.7,76.0,17.4,1007.35,9,250,26.2,1.7,76.0,17.4,25.5,2.8,81.0,SIMULATED_DEMO_TRAINING,DEMO_DATASET,PREVIOUS_DAY_CROSS_PANCHAYAT_MEAN,TARGET_T_USES_ONLY_INFORMATION_FROM_T_MINUS_1_OR_EARLIER
1,Example Panchayat 1,2026-09-08,27.6,2.5,81.0,13.8,17.53,73.52,40.0,1.8,0.62,0.71,Mixed Agriculture,Low Hill / Valley,26.9,0.6,71.0,15.6,1009.1,9,251,26.9,0.6,71.0,15.6,26.2,1.7,76.0,SIMULATED_DEMO_TRAINING,DEMO_DATASET,PREVIOUS_DAY_CROSS_PANCHAYAT_MEAN,TARGET_T_USES_ONLY_INFORMATION_FROM_T_MINUS_1_OR_EARLIER
1,Example Panchayat 1,2026-09-09,25.15,1.4,76.0,12.0,17.53,73.52,40.0,1.8,0.62,0.71,Mixed Agriculture,Low Hill / Valley,27.6,2.5,81.0,13.8,1010.85,9,252,27.6,2.5,81.0,13.8,26.9,0.6,71.0,SIMULATED_DEMO_TRAINING,DEMO_DATASET,PREVIOUS_DAY_CROSS_PANCHAYAT_MEAN,TARGET_T_USES_ONLY_INFORMATION_FROM_T_MINUS_1_OR_EARLIER
1,Example Panchayat 1,2026-09-10,25.85,0.3,71.0,17.4,17.53,73.52,40.0,1.8,0.62,0.71,Mixed Agriculture,Low Hill / Valley,25.15,1.4,76.0,12.0,1012.6,9,253,25.15,1.4,76.0,12.0,27.6,2.5,81.0,SIMULATED_DEMO_TRAINING,DEMO_DATASET,PREVIOUS_DAY_CROSS_PANCHAYAT_MEAN,TARGET_T_USES_ONLY_INFORMATION_FROM_T_MINUS_1_OR_EARLIER
1,Example Panchayat 1,2026-09-11,26.55,2.2,81.0,15.6,17.53,73.52,40.0,1.8,0.62,0.71,Mixed Agriculture,Low Hill / Valley,25.85,0.3,71.0,17.4,1008.05,9,254,25.85,0.3,71.0,17.4,25.15,1.4,76.0,SIMULATED_DEMO_TRAINING,DEMO_DATASET,PREVIOUS_DAY_CROSS_PANCHAYAT_MEAN,TARGET_T_USES_ONLY_INFORMATION_FROM_T_MINUS_1_OR_EARLIER
1,Example Panchayat 1,2026-09-12,27.25,1.1,76.0,13.8,17.53,73.52,40.0,1.8,0.62,0.71,Mixed Agriculture,Low Hill / Valley,26.55,2.2,81.0,15.6,1009.8,9,255,26.55,2.2,81.0,15.6,25.85,0.3,71.0,SIMULATED_DEMO_TRAINING,DEMO_DATASET,PREVIOUS_DAY_CROSS_PANCHAYAT_MEAN,TARGET_T_USES_ONLY_INFORMATION_FROM_T_MINUS_1_OR_EARLIER
1,Example Panchayat 1,2026-09-13,24.8,0.0,71.0,12.0,17.53,73.52,40.0,1.8,0.62,0.71,Mixed Agriculture,Low Hill / Valley,27.25,1.1,76.0,13.8,1011.55,9,256,27.25,1.1,76.0,13.8,26.55,2.2,81.0,SIMULATED_DEMO_TRAINING,DEMO_DATASET,PREVIOUS_DAY_CROSS_PANCHAYAT_MEAN,TARGET_T_USES_ONLY_INFORMATION_FROM_T_MINUS_1_OR_EARLIER
2,Example Panchayat 2,2026-05-19,24.8,2.7,71.0,13.8,17.56,73.55,65.0,3.4,0.38,0.64,Agriculture / Forest Edge,Rolling Terrain,27.25,0.8,76.0,15.6,1008.4,5,139,27.25,0.8,76.0,15.6,26.55,1.9,81.0,SIMULATED_DEMO_TRAINING,DEMO_DATASET,PREVIOUS_DAY_CROSS_PANCHAYAT_MEAN,TARGET_T_USES_ONLY_INFORMATION_FROM_T_MINUS_1_OR_EARLIER
2,Example Panchayat 2,2026-05-20,25.5,1.6,81.0,12.0,17.56,73.55,65.0,3.4,0.38,0.64,Agriculture / Forest Edge,Rolling Terrain,24.8,2.7,71.0,13.8,1010.15,5,140,24.8,2.7,71.0,13.8,27.25,0.8,76.0,SIMULATED_DEMO_TRAINING,DEMO_DATASET,PREVIOUS_DAY_CROSS_PANCHAYAT_MEAN,TARGET_T_USES_ONLY_INFORMATION_FROM_T_MINUS_1_OR_EARLIER
2,Example Panchayat 2,2026-05-21,26.2,0.5,76.0,17.4,17.56,73.55,65.0,3.4,0.38,0.64,Agriculture / Forest Edge,Rolling Terrain,25.5,1.6,81.0,12.0,1011.9,5,141,25.5,1.6,81.0,12.0,24.8,2.7,71.0,SIMULATED_DEMO_TRAINING,DEMO_DATASET,PREVIOUS_DAY_CROSS_PANCHAYAT_MEAN,TARGET_T_USES_ONLY_INFORMATION_FROM_T_MINUS_1_OR_EARLIER
2,Example Panchayat 2,2026-05-22,26.9,2.4,71.0,15.6,17.56,73.55,65.0,3.4,0.38,0.64,Agriculture / Forest Edge,Rolling Terrain,26.2,0.5,76.0,17.4,1007.35,5,142,26.2,0.5,76.0,17.4,25.5,1.6,81.0,SIMULATED_DEMO_TRAINING,DEMO_DATASET,PREVIOUS_DAY_CROSS_PANCHAYAT_MEAN,TARGET_T_USES_ONLY_INFORMATION_FROM_T_MINUS_1_OR_EARLIER
2,Example Panchayat 2,2026-05-23,27.6,1.3,81.0,13.8,17.56,73.55,65.0,3.4,0.38,0.64,Agriculture / Forest Edge,Rolling Terrain,26.9,2.4,71.0,15.6,1009.1,5,143,26.9,2.4,71.0,15.6,26.2,0.5,76.0,SIMULATED_DEMO_TRAINING,DEMO_DATASET,PREVIOUS_DAY_CROSS_PANCHAYAT_MEAN,TARGET_T_USES_ONLY_INFORMATION_FROM_T_MINUS_1_OR_EARLIER
2,Example Panchayat 2,2026-05-24,25.15,0.2,76.0,12.0,17.56,73.55,65.0,3.4,0.38,0.64,Agriculture / Forest Edge,Rolling Terrain,27.6,1.3,81.0,13.8,1010.85,5,144,27.6,1.3,81.0,13.8,26.9,2.4,71.0,SIMULATED_DEMO_TRAINING,DEMO_DATASET,PREVIOUS_DAY_CROSS_PANCHAYAT_MEAN,TARGET_T_USES_ONLY_INFORMATION_FROM_T_MINUS_1_OR_EARLIER
2,Example Panchayat 2,2026-05-25,25.85,2.1,71.0,17.4,17.56,73.55,65.0,3.4,0.38,0.64,Agriculture / Forest Edge,Rolling Terrain,25.15,0.2,76.0,12.0,1012.6,5,145,25.15,0.2,76.0,12.0,27.6,1.3,81.0,SIMULATED_DEMO_TRAINING,DEMO_DATASET,PREVIOUS_DAY_CROSS_PANCHAYAT_MEAN,TARGET_T_USES_ONLY_INFORMATION_FROM_T_MINUS_1_OR_EARLIER
2,Example Panchayat 2,2026-05-26,26.55,1.0,81.0,15.6,17.56,73.55,65.0,3.4,0.38,0.64,Agriculture / Forest Edge,Rolling Terrain,25.85,2.1,71.0,17.4,1008.05,5,146,25.85,2.1,71.0,17.4,25.15,0.2,76.0,SIMULATED_DEMO_TRAINING,DEMO_DATASET,PREVIOUS_DAY_CROSS_PANCHAYAT_MEAN,TARGET_T_USES_ONLY_INFORMATION_FROM_T_MINUS_1_OR_EARLIER
2,Example Panchayat 2,2026-05-27,27.25,2.9,76.0,13.8,17.56,73.55,65.0,3.4,0.38,0.64,Agriculture / Forest Edge,Rolling Terrain,26.55,1.0,81.0,15.6,1009.8,5,147,26.55,1.0,81.0,15.6,25.85,2.1,71.0,SIMULATED_DEMO_TRAINING,DEMO_DATASET,PREVIOUS_DAY_CROSS_PANCHAYAT_MEAN,TARGET_T_USES_ONLY_INFORMATION_FROM_T_MINUS_1_OR_EARLIER
2,Example Panchayat 2,2026-05-28,24.8,1.8,71.0,12.0,17.56,73.55,65.0,3.4,0.38,0.64,Agriculture / Forest Edge,Rolling Terrain,27.25,2.9,76.0,13.8,1011.55,5,148,27.25,2.9,76.0,13.8,26.55,1.0,81.0,SIMULATED_DEMO_TRAINING,DEMO_DATASET,PREVIOUS_DAY_CROSS_PANCHAYAT_MEAN,TARGET_T_USES_ONLY_INFORMATION_FROM_T_MINUS_1_OR_EARLIER
2,Example Panchayat 2,2026-05-29,25.5,0.7,81.0,17.4,17.56,73.55,65.0,3.4,0.38,0.64,Agriculture / Forest Edge,Rolling Terrain,24.8,1.8,71.0,12.0,1007.0,5,149,24.8,1.8,71.0,12.0,27.25,2.9,76.0,SIMULATED_DEMO_TRAINING,DEMO_DATASET,PREVIOUS_DAY_CROSS_PANCHAYAT_MEAN,TARGET_T_USES_ONLY_INFORMATION_FROM_T_MINUS_1_OR_EARLIER
2,Example Panchayat 2,2026-05-30,26.2,2.6,76.0,15.6,17.56,73.55,65.0,3.4,0.38,0.64,Agriculture / Forest Edge,Rolling Terrain,25.5,0.7,81.0,17.4,1008.75,5,150,25.5,0.7,81.0,17.4,24.8,1.8,71.0,SIMULATED_DEMO_TRAINING,DEMO_DATASET,PREVIOUS_DAY_CROSS_PANCHAYAT_MEAN,TARGET_T_USES_ONLY_INFORMATION_FROM_T_MINUS_1_OR_EARLIER
2,Example Panchayat 2,2026-05-31,26.9,1.5,71.0,13.8,17.56,73.55,65.0,3.4,0.38,0.64,Agriculture / Forest Edge,Rolling Terrain,26.2,2.6,76.0,15.6,1010.5,5,151,26.2,2.6,76.0,15.6,25.5,0.7,81.0,SIMULATED_DEMO_TRAINING,DEMO_DATASET,PREVIOUS_DAY_CROSS_PANCHAYAT_MEAN,TARGET_T_USES_ONLY_INFORMATION_FROM_T_MINUS_1_OR_EARLIER
2,Example Panchayat 2,2026-06-01,27.6,0.4,81.0,12.0,17.56,73.55,65.0,3.4,0.38,0.64,Agriculture / Forest Edge,Rolling Terrain,26.9,1.5,71.0,13.8,1012.25,6,152,26.9,1.5,71.0,13.8,26.2,2.6,76.0,SIMULATED_DEMO_TRAINING,DEMO_DATASET,PREVIOUS_DAY_CROSS_PANCHAYAT_MEAN,TARGET_T_USES_ONLY_INFORMATION_FROM_T_MINUS_1_OR_EARLIER
2,Example Panchayat 2,2026-06-02,25.15,2.3,76.0,17.4,17.56,73.55,65.0,3.4,0.38,0.64,Agriculture / Forest Edge,Rolling Terrain,27.6,0.4,81.0,12.0,1007.7,6,153,27.6,0.4,81.0,12.0,26.9,1.5,71.0,SIMULATED_DEMO_TRAINING,DEMO_DATASET,PREVIOUS_DAY_CROSS_PANCHAYAT_MEAN,TARGET_T_USES_ONLY_INFORMATION_FROM_T_MINUS_1_OR_EARLIER
2,Example Panchayat 2,2026-06-03,25.85,1.2,71.0,15.6,17.56,73.55,65.0,3.4,0.38,0.64,Agriculture / Forest Edge,Rolling Terrain,25.15,2.3,76.0,17.4,1009.45,6,154,25.15,2.3,76.0,17.4,27.6,0.4,81.0,SIMULATED_DEMO_TRAINING,DEMO_DATASET,PREVIOUS_DAY_CROSS_PANCHAYAT_MEAN,TARGET_T_USES_ONLY_INFORMATION_FROM_T_MINUS_1_OR_EARLIER
2,Example Panchayat 2,2026-06-04,26.55,0.1,81.0,13.8,17.56,73.55,65.0,3.4,0.38,0.64,Agriculture / Forest Edge,Rolling Terrain,25.85,1.2,71.0,15.6,1011.2,6,155,25.85,1.2,71.0,15.6,25.15,2.3,76.0,SIMULATED_DEMO_TRAINING,DEMO_DATASET,PREVIOUS_DAY_CROSS_PANCHAYAT_MEAN,TARGET_T_USES_ONLY_INFORMATION_FROM_T_MINUS_1_OR_EARLIER
2,Example Panchayat 2,2026-06-05,27.25,2.0,76.0,12.0,17.56,73.55,65.0,3.4,0.38,0.64,Agriculture / Forest Edge,Rolling Terrain,26.55,0.1,81.0,13.8,1012.95,6,156,26.55,0.1,81.0,13.8,25.85,1.2,71.0,SIMULATED_DEMO_TRAINING,DEMO_DATASET,PREVIOUS_DAY_CROSS_PANCHAYAT_MEAN,TARGET_T_USES_ONLY_INFORMATION_FROM_T_MINUS_1_OR_EARLIER
2,Example Panchayat 2,2026-06-06,24.8,0.9,71.0,17.4,17.56,73.55,65.0,3.4,0.38,0.64,Agriculture / Forest Edge,Rolling Terrain,27.25,2.0,76.0,12.0,1008.4,6,157,27.25,2.0,76.0,12.0,26.55,0.1,81.0,SIMULATED_DEMO_TRAINING,DEMO_DATASET,PREVIOUS_DAY_CROSS_PANCHAYAT_MEAN,TARGET_T_USES_ONLY_INFORMATION_FROM_T_MINUS_1_OR_EARLIER
2,Example Panchayat 2,2026-06-07,25.5,2.8,81.0,15.6,17.56,73.55,65.0,3.4,0.38,0.64,Agriculture / Forest Edge,Rolling Terrain,24.8,0.9,71.0,17.4,1010.15,6,158,24.8,0.9,71.0,17.4,27.25,2.0,76.0,SIMULATED_DEMO_TRAINING,DEMO_DATASET,PREVIOUS_DAY_CROSS_PANCHAYAT_MEAN,TARGET_T_USES_ONLY_INFORMATION_FROM_T_MINUS_1_OR_EARLIER
2,Example Panchayat 2,2026-06-08,26.2,1.7,76.0,13.8,17.56,73.55,65.0,3.4,0.38,0.64,Agriculture / Forest Edge,Rolling Terrain,25.5,2.8,81.0,15.6,1011.9,6,159,25.5,2.8,81.0,15.6,24.8,0.9,71.0,SIMULATED_DEMO_TRAINING,DEMO_DATASET,PREVIOUS_DAY_CROSS_PANCHAYAT_MEAN,TARGET_T_USES_ONLY_INFORMATION_FROM_T_MINUS_1_OR_EARLIER
2,Example Panchayat 2,2026-06-09,26.9,0.6,71.0,12.0,17.56,73.55,65.0,3.4,0.38,0.64,Agriculture / Forest Edge,Rolling Terrain,26.2,1.7,76.0,13.8,1007.35,6,160,26.2,1.7,76.0,13.8,25.5,2.8,81.0,SIMULATED_DEMO_TRAINING,DEMO_DATASET,PREVIOUS_DAY_CROSS_PANCHAYAT_MEAN,TARGET_T_USES_ONLY_INFORMATION_FROM_T_MINUS_1_OR_EARLIER
2,Example Panchayat 2,2026-06-10,27.6,2.5,81.0,17.4,17.56,73.55,65.0,3.4,0.38,0.64,Agriculture / Forest Edge,Rolling Terrain,26.9,0.6,71.0,12.0,1009.1,6,161,26.9,0.6,71.0,12.0,26.2,1.7,76.0,SIMULATED_DEMO_TRAINING,DEMO_DATASET,PREVIOUS_DAY_CROSS_PANCHAYAT_MEAN,TARGET_T_USES_ONLY_INFORMATION_FROM_T_MINUS_1_OR_EARLIER
2,Example Panchayat 2,2026-06-11,25.15,1.4,76.0,15.6,17.56,73.55,65.0,3.4,0.38,0.64,Agriculture / Forest Edge,Rolling Terrain,27.6,2.5,81.0,17.4,1010.85,6,162,27.6,2.5,81.0,17.4,26.9,0.6,71.0,SIMULATED_DEMO_TRAINING,DEMO_DATASET,PREVIOUS_DAY_CROSS_PANCHAYAT_MEAN,TARGET_T_USES_ONLY_INFORMATION_FROM_T_MINUS_1_OR_EARLIER
2,Example Panchayat 2,2026-06-12,25.85,0.3,71.0,13.8,17.56,73.55,65.0,3.4,0.38,0.64,Agriculture / Forest Edge,Rolling Terrain,25.15,1.4,76.0,15.6,1012.6,6,163,25.15,1.4,76.0,15.6,27.6,2.5,81.0,SIMULATED_DEMO_TRAINING,DEMO_DATASET,PREVIOUS_DAY_CROSS_PANCHAYAT_MEAN,TARGET_T_USES_ONLY_INFORMATION_FROM_T_MINUS_1_OR_EARLIER
2,Example Panchayat 2,2026-06-13,26.55,2.2,81.0,12.0,17.56,73.55,65.0,3.4,0.38,0.64,Agriculture / Forest Edge,Rolling Terrain,25.85,0.3,71.0,13.8,1008.05,6,164,25.85,0.3,71.0,13.8,25.15,1.4,76.0,SIMULATED_DEMO_TRAINING,DEMO_DATASET,PREVIOUS_DAY_CROSS_PANCHAYAT_MEAN,TARGET_T_USES_ONLY_INFORMATION_FROM_T_MINUS_1_OR_EARLIER
2,Example Panchayat 2,2026-06-14,27.25,1.1,76.0,17.4,17.56,73.55,65.0,3.4,0.38,0.64,Agriculture / Forest Edge,Rolling Terrain,26.55,2.2,81.0,12.0,1009.8,6,165,26.55,2.2,81.0,12.0,25.85,0.3,71.0,SIMULATED_DEMO_TRAINING,DEMO_DATASET,PREVIOUS_DAY_CROSS_PANCHAYAT_MEAN,TARGET_T_USES_ONLY_INFORMATION_FROM_T_MINUS_1_OR_EARLIER
2,Example Panchayat 2,2026-06-15,24.8,0.0,71.0,15.6,17.56,73.55,65.0,3.4,0.38,0.64,Agriculture / Forest Edge,Rolling Terrain,27.25,1.1,76.0,17.4,1011.55,6,166,27.25,1.1,76.0,17.4,26.55,2.2,81.0,SIMULATED_DEMO_TRAINING,DEMO_DATASET,PREVIOUS_DAY_CROSS_PANCHAYAT_MEAN,TARGET_T_USES_ONLY_INFORMATION_FROM_T_MINUS_1_OR_EARLIER
2,Example Panchayat 2,2026-06-16,25.5,1.9,81.0,13.8,17.56,73.55,65.0,3.4,0.38,0.64,Agriculture / Forest Edge,Rolling Terrain,24.8,0.0,71.0,15.6,1007.0,6,167,24.8,0.0,71.0,15.6,27.25,1.1,76.0,SIMULATED_DEMO_TRAINING,DEMO_DATASET,PREVIOUS_DAY_CROSS_PANCHAYAT_MEAN,TARGET_T_USES_ONLY_INFORMATION_FROM_T_MINUS_1_OR_EARLIER
2,Example Panchayat 2,2026-06-17,26.2,0.8,76.0,12.0,17.56,73.55,65.0,3.4,0.38,0.64,Agriculture / Forest Edge,Rolling Terrain,25.5,1.9,81.0,13.8,1008.75,6,168,25.5,1.9,81.0,13.8,24.8,0.0,71.0,SIMULATED_DEMO_TRAINING,DEMO_DATASET,PREVIOUS_DAY_CROSS_PANCHAYAT_MEAN,TARGET_T_USES_ONLY_INFORMATION_FROM_T_MINUS_1_OR_EARLIER
2,Example Panchayat 2,2026-06-18,26.9,2.7,71.0,17.4,17.56,73.55,65.0,3.4,0.38,0.64,Agriculture / Forest Edge,Rolling Terrain,26.2,0.8,76.0,12.0,1010.5,6,169,26.2,0.8,76.0,12.0,25.5,1.9,81.0,SIMULATED_DEMO_TRAINING,DEMO_DATASET,PREVIOUS_DAY_CROSS_PANCHAYAT_MEAN,TARGET_T_USES_ONLY_INFORMATION_FROM_T_MINUS_1_OR_EARLIER
2,Example Panchayat 2,2026-06-19,27.6,1.6,81.0,15.6,17.56,73.55,65.0,3.4,0.38,0.64,Agriculture / Forest Edge,Rolling Terrain,26.9,2.7,71.0,17.4,1012.25,6,170,26.9,2.7,71.0,17.4,26.2,0.8,76.0,SIMULATED_DEMO_TRAINING,DEMO_DATASET,PREVIOUS_DAY_CROSS_PANCHAYAT_MEAN,TARGET_T_USES_ONLY_INFORMATION_FROM_T_MINUS_1_OR_EARLIER
2,Example Panchayat 2,2026-06-20,25.15,0.5,76.0,13.8,17.56,73.55,65.0,3.4,0.38,0.64,Agriculture / Forest Edge,Rolling Terrain,27.6,1.6,81.0,15.6,1007.7,6,171,27.6,1.6,81.0,15.6,26.9,2.7,71.0,SIMULATED_DEMO_TRAINING,DEMO_DATASET,PREVIOUS_DAY_CROSS_PANCHAYAT_MEAN,TARGET_T_USES_ONLY_INFORMATION_FROM_T_MINUS_1_OR_EARLIER
2,Example Panchayat 2,2026-06-21,25.85,2.4,71.0,12.0,17.56,73.55,65.0,3.4,0.38,0.64,Agriculture / Forest Edge,Rolling Terrain,25.15,0.5,76.0,13.8,1009.45,6,172,25.15,0.5,76.0,13.8,27.6,1.6,81.0,SIMULATED_DEMO_TRAINING,DEMO_DATASET,PREVIOUS_DAY_CROSS_PANCHAYAT_MEAN,TARGET_T_USES_ONLY_INFORMATION_FROM_T_MINUS_1_OR_EARLIER
2,Example Panchayat 2,2026-06-22,26.55,1.3,81.0,17.4,17.56,73.55,65.0,3.4,0.38,0.64,Agriculture / Forest Edge,Rolling Terrain,25.85,2.4,71.0,12.0,1011.2,6,173,25.85,2.4,71.0,12.0,25.15,0.5,76.0,SIMULATED_DEMO_TRAINING,DEMO_DATASET,PREVIOUS_DAY_CROSS_PANCHAYAT_MEAN,TARGET_T_USES_ONLY_INFORMATION_FROM_T_MINUS_1_OR_EARLIER
2,Example Panchayat 2,2026-06-23,27.25,0.2,76.0,15.6,17.56,73.55,65.0,3.4,0.38,0.64,Agriculture / Forest Edge,Rolling Terrain,26.55,1.3,81.0,17.4,1012.95,6,174,26.55,1.3,81.0,17.4,25.85,2.4,71.0,SIMULATED_DEMO_TRAINING,DEMO_DATASET,PREVIOUS_DAY_CROSS_PANCHAYAT_MEAN,TARGET_T_USES_ONLY_INFORMATION_FROM_T_MINUS_1_OR_EARLIER
2,Example Panchayat 2,2026-06-24,24.8,2.1,71.0,13.8,17.56,73.55,65.0,3.4,0.38,0.64,Agriculture / Forest Edge,Rolling Terrain,27.25,0.2,76.0,15.6,1008.4,6,175,27.25,0.2,76.0,15.6,26.55,1.3,81.0,SIMULATED_DEMO_TRAINING,DEMO_DATASET,PREVIOUS_DAY_CROSS_PANCHAYAT_MEAN,TARGET_T_USES_ONLY_INFORMATION_FROM_T_MINUS_1_OR_EARLIER
2,Example Panchayat 2,2026-06-25,25.5,1.0,81.0,12.0,17.56,73.55,65.0,3.4,0.38,0.64,Agriculture / Forest Edge,Rolling Terrain,24.8,2.1,71.0,13.8,1010.15,6,176,24.8,2.1,71.0,13.8,27.25,0.2,76.0,SIMULATED_DEMO_TRAINING,DEMO_DATASET,PREVIOUS_DAY_CROSS_PANCHAYAT_MEAN,TARGET_T_USES_ONLY_INFORMATION_FROM_T_MINUS_1_OR_EARLIER
2,Example Panchayat 2,2026-06-26,26.2,2.9,76.0,17.4,17.56,73.55,65.0,3.4,0.38,0.64,Agriculture / Forest Edge,Rolling Terrain,25.5,1.0,81.0,12.0,1011.9,6,177,25.5,1.0,81.0,12.0,24.8,2.1,71.0,SIMULATED_DEMO_TRAINING,DEMO_DATASET,PREVIOUS_DAY_CROSS_PANCHAYAT_MEAN,TARGET_T_USES_ONLY_INFORMATION_FROM_T_MINUS_1_OR_EARLIER
2,Example Panchayat 2,2026-06-27,26.9,1.8,71.0,15.6,17.56,73.55,65.0,3.4,0.38,0.64,Agriculture / Forest Edge,Rolling Terrain,26.2,2.9,76.0,17.4,1007.35,6,178,26.2,2.9,76.0,17.4,25.5,1.0,81.0,SIMULATED_DEMO_TRAINING,DEMO_DATASET,PREVIOUS_DAY_CROSS_PANCHAYAT_MEAN,TARGET_T_USES_ONLY_INFORMATION_FROM_T_MINUS_1_OR_EARLIER
2,Example Panchayat 2,2026-06-28,27.6,0.7,81.0,13.8,17.56,73.55,65.0,3.4,0.38,0.64,Agriculture / Forest Edge,Rolling Terrain,26.9,1.8,71.0,15.6,1009.1,6,179,26.9,1.8,71.0,15.6,26.2,2.9,76.0,SIMULATED_DEMO_TRAINING,DEMO_DATASET,PREVIOUS_DAY_CROSS_PANCHAYAT_MEAN,TARGET_T_USES_ONLY_INFORMATION_FROM_T_MINUS_1_OR_EARLIER
2,Example Panchayat 2,2026-06-29,25.15,2.6,76.0,12.0,17.56,73.55,65.0,3.4,0.38,0.64,Agriculture / Forest Edge,Rolling Terrain,27.6,0.7,81.0,13.8,1010.85,6,180,27.6,0.7,81.0,13.8,26.9,1.8,71.0,SIMULATED_DEMO_TRAINING,DEMO_DATASET,PREVIOUS_DAY_CROSS_PANCHAYAT_MEAN,TARGET_T_USES_ONLY_INFORMATION_FROM_T_MINUS_1_OR_EARLIER
2,Example Panchayat 2,2026-06-30,25.85,1.5,71.0,17.4,17.56,73.55,65.0,3.4,0.38,0.64,Agriculture / Forest Edge,Rolling Terrain,25.15,2.6,76.0,12.0,1012.6,6,181,25.15,2.6,76.0,12.0,27.6,0.7,81.0,SIMULATED_DEMO_TRAINING,DEMO_DATASET,PREVIOUS_DAY_CROSS_PANCHAYAT_MEAN,TARGET_T_USES_ONLY_INFORMATION_FROM_T_MINUS_1_OR_EARLIER
2,Example Panchayat 2,2026-07-01,26.55,0.4,81.0,15.6,17.56,73.55,65.0,3.4,0.38,0.64,Agriculture / Forest Edge,Rolling Terrain,25.85,1.5,71.0,17.4,1008.05,7,182,25.85,1.5,71.0,17.4,25.15,2.6,76.0,SIMULATED_DEMO_TRAINING,DEMO_DATASET,PREVIOUS_DAY_CROSS_PANCHAYAT_MEAN,TARGET_T_USES_ONLY_INFORMATION_FROM_T_MINUS_1_OR_EARLIER
2,Example Panchayat 2,2026-07-02,27.25,2.3,76.0,13.8,17.56,73.55,65.0,3.4,0.38,0.64,Agriculture / Forest Edge,Rolling Terrain,26.55,0.4,81.0,15.6,1009.8,7,183,26.55,0.4,81.0,15.6,25.85,1.5,71.0,SIMULATED_DEMO_TRAINING,DEMO_DATASET,PREVIOUS_DAY_CROSS_PANCHAYAT_MEAN,TARGET_T_USES_ONLY_INFORMATION_FROM_T_MINUS_1_OR_EARLIER
2,Example Panchayat 2,2026-07-03,24.8,1.2,71.0,12.0,17.56,73.55,65.0,3.4,0.38,0.64,Agriculture / Forest Edge,Rolling Terrain,27.25,2.3,76.0,13.8,1011.55,7,184,27.25,2.3,76.0,13.8,26.55,0.4,81.0,SIMULATED_DEMO_TRAINING,DEMO_DATASET,PREVIOUS_DAY_CROSS_PANCHAYAT_MEAN,TARGET_T_USES_ONLY_INFORMATION_FROM_T_MINUS_1_OR_EARLIER
2,Example Panchayat 2,2026-07-04,25.5,0.1,81.0,17.4,17.56,73.55,65.0,3.4,0.38,0.64,Agriculture / Forest Edge,Rolling Terrain,24.8,1.2,71.0,12.0,1007.0,7,185,24.8,1.2,71.0,12.0,27.25,2.3,76.0,SIMULATED_DEMO_TRAINING,DEMO_DATASET,PREVIOUS_DAY_CROSS_PANCHAYAT_MEAN,TARGET_T_USES_ONLY_INFORMATION_FROM_T_MINUS_1_OR_EARLIER
2,Example Panchayat 2,2026-07-05,26.2,2.0,76.0,15.6,17.56,73.55,65.0,3.4,0.38,0.64,Agriculture / Forest Edge,Rolling Terrain,25.5,0.1,81.0,17.4,1008.75,7,186,25.5,0.1,81.0,17.4,24.8,1.2,71.0,SIMULATED_DEMO_TRAINING,DEMO_DATASET,PREVIOUS_DAY_CROSS_PANCHAYAT_MEAN,TARGET_T_USES_ONLY_INFORMATION_FROM_T_MINUS_1_OR_EARLIER
2,Example Panchayat 2,2026-07-06,26.9,0.9,71.0,13.8,17.56,73.55,65.0,3.4,0.38,0.64,Agriculture / Forest Edge,Rolling Terrain,26.2,2.0,76.0,15.6,1010.5,7,187,26.2,2.0,76.0,15.6,25.5,0.1,81.0,SIMULATED_DEMO_TRAINING,DEMO_DATASET,PREVIOUS_DAY_CROSS_PANCHAYAT_MEAN,TARGET_T_USES_ONLY_INFORMATION_FROM_T_MINUS_1_OR_EARLIER
2,Example Panchayat 2,2026-07-07,27.6,2.8,81.0,12.0,17.56,73.55,65.0,3.4,0.38,0.64,Agriculture / Forest Edge,Rolling Terrain,26.9,0.9,71.0,13.8,1012.25,7,188,26.9,0.9,71.0,13.8,26.2,2.0,76.0,SIMULATED_DEMO_TRAINING,DEMO_DATASET,PREVIOUS_DAY_CROSS_PANCHAYAT_MEAN,TARGET_T_USES_ONLY_INFORMATION_FROM_T_MINUS_1_OR_EARLIER
2,Example Panchayat 2,2026-07-08,25.15,1.7,76.0,17.4,17.56,73.55,65.0,3.4,0.38,0.64,Agriculture / Forest Edge,Rolling Terrain,27.6,2.8,81.0,12.0,1007.7,7,189,27.6,2.8,81.0,12.0,26.9,0.9,71.0,SIMULATED_DEMO_TRAINING,DEMO_DATASET,PREVIOUS_DAY_CROSS_PANCHAYAT_MEAN,TARGET_T_USES_ONLY_INFORMATION_FROM_T_MINUS_1_OR_EARLIER
2,Example Panchayat 2,2026-07-09,25.85,0.6,71.0,15.6,17.56,73.55,65.0,3.4,0.38,0.64,Agriculture / Forest Edge,Rolling Terrain,25.15,1.7,76.0,17.4,1009.45,7,190,25.15,1.7,76.0,17.4,27.6,2.8,81.0,SIMULATED_DEMO_TRAINING,DEMO_DATASET,PREVIOUS_DAY_CROSS_PANCHAYAT_MEAN,TARGET_T_USES_ONLY_INFORMATION_FROM_T_MINUS_1_OR_EARLIER
2,Example Panchayat 2,2026-07-10,26.55,2.5,81.0,13.8,17.56,73.55,65.0,3.4,0.38,0.64,Agriculture / Forest Edge,Rolling Terrain,25.85,0.6,71.0,15.6,1011.2,7,191,25.85,0.6,71.0,15.6,25.15,1.7,76.0,SIMULATED_DEMO_TRAINING,DEMO_DATASET,PREVIOUS_DAY_CROSS_PANCHAYAT_MEAN,TARGET_T_USES_ONLY_INFORMATION_FROM_T_MINUS_1_OR_EARLIER
2,Example Panchayat 2,2026-07-11,27.25,1.4,76.0,12.0,17.56,73.55,65.0,3.4,0.38,0.64,Agriculture / Forest Edge,Rolling Terrain,26.55,2.5,81.0,13.8,1012.95,7,192,26.55,2.5,81.0,13.8,25.85,0.6,71.0,SIMULATED_DEMO_TRAINING,DEMO_DATASET,PREVIOUS_DAY_CROSS_PANCHAYAT_MEAN,TARGET_T_USES_ONLY_INFORMATION_FROM_T_MINUS_1_OR_EARLIER
2,Example Panchayat 2,2026-07-12,24.8,0.3,71.0,17.4,17.56,73.55,65.0,3.4,0.38,0.64,Agriculture / Forest Edge,Rolling Terrain,27.25,1.4,76.0,12.0,1008.4,7,193,27.25,1.4,76.0,12.0,26.55,2.5,81.0,SIMULATED_DEMO_TRAINING,DEMO_DATASET,PREVIOUS_DAY_CROSS_PANCHAYAT_MEAN,TARGET_T_USES_ONLY_INFORMATION_FROM_T_MINUS_1_OR_EARLIER
2,Example Panchayat 2,2026-07-13,25.5,2.2,81.0,15.6,17.56,73.55,65.0,3.4,0.38,0.64,Agriculture / Forest Edge,Rolling Terrain,24.8,0.3,71.0,17.4,1010.15,7,194,24.8,0.3,71.0,17.4,27.25,1.4,76.0,SIMULATED_DEMO_TRAINING,DEMO_DATASET,PREVIOUS_DAY_CROSS_PANCHAYAT_MEAN,TARGET_T_USES_ONLY_INFORMATION_FROM_T_MINUS_1_OR_EARLIER
2,Example Panchayat 2,2026-07-14,26.2,1.1,76.0,13.8,17.56,73.55,65.0,3.4,0.38,0.64,Agriculture / Forest Edge,Rolling Terrain,25.5,2.2,81.0,15.6,1011.9,7,195,25.5,2.2,81.0,15.6,24.8,0.3,71.0,SIMULATED_DEMO_TRAINING,DEMO_DATASET,PREVIOUS_DAY_CROSS_PANCHAYAT_MEAN,TARGET_T_USES_ONLY_INFORMATION_FROM_T_MINUS_1_OR_EARLIER
2,Example Panchayat 2,2026-07-15,26.9,0.0,71.0,12.0,17.56,73.55,65.0,3.4,0.38,0.64,Agriculture / Forest Edge,Rolling Terrain,26.2,1.1,76.0,13.8,1007.35,7,196,26.2,1.1,76.0,13.8,25.5,2.2,81.0,SIMULATED_DEMO_TRAINING,DEMO_DATASET,PREVIOUS_DAY_CROSS_PANCHAYAT_MEAN,TARGET_T_USES_ONLY_INFORMATION_FROM_T_MINUS_1_OR_EARLIER
2,Example Panchayat 2,2026-07-16,27.6,1.9,81.0,17.4,17.56,73.55,65.0,3.4,0.38,0.64,Agriculture / Forest Edge,Rolling Terrain,26.9,0.0,71.0,12.0,1009.1,7,197,26.9,0.0,71.0,12.0,26.2,1.1,76.0,SIMULATED_DEMO_TRAINING,DEMO_DATASET,PREVIOUS_DAY_CROSS_PANCHAYAT_MEAN,TARGET_T_USES_ONLY_INFORMATION_FROM_T_MINUS_1_OR_EARLIER
2,Example Panchayat 2,2026-07-17,25.15,0.8,76.0,15.6,17.56,73.55,65.0,3.4,0.38,0.64,Agriculture / Forest Edge,Rolling Terrain,27.6,1.9,81.0,17.4,1010.85,7,198,27.6,1.9,81.0,17.4,26.9,0.0,71.0,SIMULATED_DEMO_TRAINING,DEMO_DATASET,PREVIOUS_DAY_CROSS_PANCHAYAT_MEAN,TARGET_T_USES_ONLY_INFORMATION_FROM_T_MINUS_1_OR_EARLIER
2,Example Panchayat 2,2026-07-18,25.85,2.7,71.0,13.8,17.56,73.55,65.0,3.4,0.38,0.64,Agriculture / Forest Edge,Rolling Terrain,25.15,0.8,76.0,15.6,1012.6,7,199,25.15,0.8,76.0,15.6,27.6,1.9,81.0,SIMULATED_DEMO_TRAINING,DEMO_DATASET,PREVIOUS_DAY_CROSS_PANCHAYAT_MEAN,TARGET_T_USES_ONLY_INFORMATION_FROM_T_MINUS_1_OR_EARLIER
2,Example Panchayat 2,2026-07-19,26.55,1.6,81.0,12.0,17.56,73.55,65.0,3.4,0.38,0.64,Agriculture / Forest Edge,Rolling Terrain,25.85,2.7,71.0,13.8,1008.05,7,200,25.85,2.7,71.0,13.8,25.15,0.8,76.0,SIMULATED_DEMO_TRAINING,DEMO_DATASET,PREVIOUS_DAY_CROSS_PANCHAYAT_MEAN,TARGET_T_USES_ONLY_INFORMATION_FROM_T_MINUS_1_OR_EARLIER
2,Example Panchayat 2,2026-07-20,27.25,0.5,76.0,17.4,17.56,73.55,65.0,3.4,0.38,0.64,Agriculture / Forest Edge,Rolling Terrain,26.55,1.6,81.0,12.0,1009.8,7,201,26.55,1.6,81.0,12.0,25.85,2.7,71.0,SIMULATED_DEMO_TRAINING,DEMO_DATASET,PREVIOUS_DAY_CROSS_PANCHAYAT_MEAN,TARGET_T_USES_ONLY_INFORMATION_FROM_T_MINUS_1_OR_EARLIER
2,Example Panchayat 2,2026-07-21,24.8,2.4,71.0,15.6,17.56,73.55,65.0,3.4,0.38,0.64,Agriculture / Forest Edge,Rolling Terrain,27.25,0.5,76.0,17.4,1011.55,7,202,27.25,0.5,76.0,17.4,26.55,1.6,81.0,SIMULATED_DEMO_TRAINING,DEMO_DATASET,PREVIOUS_DAY_CROSS_PANCHAYAT_MEAN,TARGET_T_USES_ONLY_INFORMATION_FROM_T_MINUS_1_OR_EARLIER
2,Example Panchayat 2,2026-07-22,25.5,1.3,81.0,13.8,17.56,73.55,65.0,3.4,0.38,0.64,Agriculture / Forest Edge,Rolling Terrain,24.8,2.4,71.0,15.6,1007.0,7,203,24.8,2.4,71.0,15.6,27.25,0.5,76.0,SIMULATED_DEMO_TRAINING,DEMO_DATASET,PREVIOUS_DAY_CROSS_PANCHAYAT_MEAN,TARGET_T_USES_ONLY_INFORMATION_FROM_T_MINUS_1_OR_EARLIER
2,Example Panchayat 2,2026-07-23,26.2,0.2,76.0,12.0,17.56,73.55,65.0,3.4,0.38,0.64,Agriculture / Forest Edge,Rolling Terrain,25.5,1.3,81.0,13.8,1008.75,7,204,25.5,1.3,81.0,13.8,24.8,2.4,71.0,SIMULATED_DEMO_TRAINING,DEMO_DATASET,PREVIOUS_DAY_CROSS_PANCHAYAT_MEAN,TARGET_T_USES_ONLY_INFORMATION_FROM_T_MINUS_1_OR_EARLIER
2,Example Panchayat 2,2026-07-24,26.9,2.1,71.0,17.4,17.56,73.55,65.0,3.4,0.38,0.64,Agriculture / Forest Edge,Rolling Terrain,26.2,0.2,76.0,12.0,1010.5,7,205,26.2,0.2,76.0,12.0,25.5,1.3,81.0,SIMULATED_DEMO_TRAINING,DEMO_DATASET,PREVIOUS_DAY_CROSS_PANCHAYAT_MEAN,TARGET_T_USES_ONLY_INFORMATION_FROM_T_MINUS_1_OR_EARLIER
2,Example Panchayat 2,2026-07-25,27.6,1.0,81.0,15.6,17.56,73.55,65.0,3.4,0.38,0.64,Agriculture / Forest Edge,Rolling Terrain,26.9,2.1,71.0,17.4,1012.25,7,206,26.9,2.1,71.0,17.4,26.2,0.2,76.0,SIMULATED_DEMO_TRAINING,DEMO_DATASET,PREVIOUS_DAY_CROSS_PANCHAYAT_MEAN,TARGET_T_USES_ONLY_INFORMATION_FROM_T_MINUS_1_OR_EARLIER
2,Example Panchayat 2,2026-07-26,25.15,2.9,76.0,13.8,17.56,73.55,65.0,3.4,0.38,0.64,Agriculture / Forest Edge,Rolling Terrain,27.6,1.0,81.0,15.6,1007.7,7,207,27.6,1.0,81.0,15.6,26.9,2.1,71.0,SIMULATED_DEMO_TRAINING,DEMO_DATASET,PREVIOUS_DAY_CROSS_PANCHAYAT_MEAN,TARGET_T_USES_ONLY_INFORMATION_FROM_T_MINUS_1_OR_EARLIER
2,Example Panchayat 2,2026-07-27,25.85,1.8,71.0,12.0,17.56,73.55,65.0,3.4,0.38,0.64,Agriculture / Forest Edge,Rolling Terrain,25.15,2.9,76.0,13.8,1009.45,7,208,25.15,2.9,76.0,13.8,27.6,1.0,81.0,SIMULATED_DEMO_TRAINING,DEMO_DATASET,PREVIOUS_DAY_CROSS_PANCHAYAT_MEAN,TARGET_T_USES_ONLY_INFORMATION_FROM_T_MINUS_1_OR_EARLIER
2,Example Panchayat 2,2026-07-28,26.55,0.7,81.0,17.4,17.56,73.55,65.0,3.4,0.38,0.64,Agriculture / Forest Edge,Rolling Terrain,25.85,1.8,71.0,12.0,1011.2,7,209,25.85,1.8,71.0,12.0,25.15,2.9,76.0,SIMULATED_DEMO_TRAINING,DEMO_DATASET,PREVIOUS_DAY_CROSS_PANCHAYAT_MEAN,TARGET_T_USES_ONLY_INFORMATION_FROM_T_MINUS_1_OR_EARLIER
2,Example Panchayat 2,2026-07-29,27.25,2.6,76.0,15.6,17.56,73.55,65.0,3.4,0.38,0.64,Agriculture / Forest Edge,Rolling Terrain,26.55,0.7,81.0,17.4,1012.95,7,210,26.55,0.7,81.0,17.4,25.85,1.8,71.0,SIMULATED_DEMO_TRAINING,DEMO_DATASET,PREVIOUS_DAY_CROSS_PANCHAYAT_MEAN,TARGET_T_USES_ONLY_INFORMATION_FROM_T_MINUS_1_OR_EARLIER
2,Example Panchayat 2,2026-07-30,24.8,1.5,71.0,13.8,17.56,73.55,65.0,3.4,0.38,0.64,Agriculture / Forest Edge,Rolling Terrain,27.25,2.6,76.0,15.6,1008.4,7,211,27.25,2.6,76.0,15.6,26.55,0.7,81.0,SIMULATED_DEMO_TRAINING,DEMO_DATASET,PREVIOUS_DAY_CROSS_PANCHAYAT_MEAN,TARGET_T_USES_ONLY_INFORMATION_FROM_T_MINUS_1_OR_EARLIER
2,Example Panchayat 2,2026-07-31,25.5,0.4,81.0,12.0,17.56,73.55,65.0,3.4,0.38,0.64,Agriculture / Forest Edge,Rolling Terrain,24.8,1.5,71.0,13.8,1010.15,7,212,24.8,1.5,71.0,13.8,27.25,2.6,76.0,SIMULATED_DEMO_TRAINING,DEMO_DATASET,PREVIOUS_DAY_CROSS_PANCHAYAT_MEAN,TARGET_T_USES_ONLY_INFORMATION_FROM_T_MINUS_1_OR_EARLIER
2,Example Panchayat 2,2026-08-01,26.2,2.3,76.0,17.4,17.56,73.55,65.0,3.4,0.38,0.64,Agriculture / Forest Edge,Rolling Terrain,25.5,0.4,81.0,12.0,1011.9,8,213,25.5,0.4,81.0,12.0,24.8,1.5,71.0,SIMULATED_DEMO_TRAINING,DEMO_DATASET,PREVIOUS_DAY_CROSS_PANCHAYAT_MEAN,TARGET_T_USES_ONLY_INFORMATION_FROM_T_MINUS_1_OR_EARLIER
2,Example Panchayat 2,2026-08-02,26.9,1.2,71.0,15.6,17.56,73.55,65.0,3.4,0.38,0.64,Agriculture / Forest Edge,Rolling Terrain,26.2,2.3,76.0,17.4,1007.35,8,214,26.2,2.3,76.0,17.4,25.5,0.4,81.0,SIMULATED_DEMO_TRAINING,DEMO_DATASET,PREVIOUS_DAY_CROSS_PANCHAYAT_MEAN,TARGET_T_USES_ONLY_INFORMATION_FROM_T_MINUS_1_OR_EARLIER
2,Example Panchayat 2,2026-08-03,27.6,0.1,81.0,13.8,17.56,73.55,65.0,3.4,0.38,0.64,Agriculture / Forest Edge,Rolling Terrain,26.9,1.2,71.0,15.6,1009.1,8,215,26.9,1.2,71.0,15.6,26.2,2.3,76.0,SIMULATED_DEMO_TRAINING,DEMO_DATASET,PREVIOUS_DAY_CROSS_PANCHAYAT_MEAN,TARGET_T_USES_ONLY_INFORMATION_FROM_T_MINUS_1_OR_EARLIER
2,Example Panchayat 2,2026-08-04,25.15,2.0,76.0,12.0,17.56,73.55,65.0,3.4,0.38,0.64,Agriculture / Forest Edge,Rolling Terrain,27.6,0.1,81.0,13.8,1010.85,8,216,27.6,0.1,81.0,13.8,26.9,1.2,71.0,SIMULATED_DEMO_TRAINING,DEMO_DATASET,PREVIOUS_DAY_CROSS_PANCHAYAT_MEAN,TARGET_T_USES_ONLY_INFORMATION_FROM_T_MINUS_1_OR_EARLIER
2,Example Panchayat 2,2026-08-05,25.85,0.9,71.0,17.4,17.56,73.55,65.0,3.4,0.38,0.64,Agriculture / Forest Edge,Rolling Terrain,25.15,2.0,76.0,12.0,1012.6,8,217,25.15,2.0,76.0,12.0,27.6,0.1,81.0,SIMULATED_DEMO_TRAINING,DEMO_DATASET,PREVIOUS_DAY_CROSS_PANCHAYAT_MEAN,TARGET_T_USES_ONLY_INFORMATION_FROM_T_MINUS_1_OR_EARLIER
2,Example Panchayat 2,2026-08-06,26.55,2.8,81.0,15.6,17.56,73.55,65.0,3.4,0.38,0.64,Agriculture / Forest Edge,Rolling Terrain,25.85,0.9,71.0,17.4,1008.05,8,218,25.85,0.9,71.0,17.4,25.15,2.0,76.0,SIMULATED_DEMO_TRAINING,DEMO_DATASET,PREVIOUS_DAY_CROSS_PANCHAYAT_MEAN,TARGET_T_USES_ONLY_INFORMATION_FROM_T_MINUS_1_OR_EARLIER
2,Example Panchayat 2,2026-08-07,27.25,1.7,76.0,13.8,17.56,73.55,65.0,3.4,0.38,0.64,Agriculture / Forest Edge,Rolling Terrain,26.55,2.8,81.0,15.6,1009.8,8,219,26.55,2.8,81.0,15.6,25.85,0.9,71.0,SIMULATED_DEMO_TRAINING,DEMO_DATASET,PREVIOUS_DAY_CROSS_PANCHAYAT_MEAN,TARGET_T_USES_ONLY_INFORMATION_FROM_T_MINUS_1_OR_EARLIER
2,Example Panchayat 2,2026-08-08,24.8,0.6,71.0,12.0,17.56,73.55,65.0,3.4,0.38,0.64,Agriculture / Forest Edge,Rolling Terrain,27.25,1.7,76.0,13.8,1011.55,8,220,27.25,1.7,76.0,13.8,26.55,2.8,81.0,SIMULATED_DEMO_TRAINING,DEMO_DATASET,PREVIOUS_DAY_CROSS_PANCHAYAT_MEAN,TARGET_T_USES_ONLY_INFORMATION_FROM_T_MINUS_1_OR_EARLIER
2,Example Panchayat 2,2026-08-09,25.5,2.5,81.0,17.4,17.56,73.55,65.0,3.4,0.38,0.64,Agriculture / Forest Edge,Rolling Terrain,24.8,0.6,71.0,12.0,1007.0,8,221,24.8,0.6,71.0,12.0,27.25,1.7,76.0,SIMULATED_DEMO_TRAINING,DEMO_DATASET,PREVIOUS_DAY_CROSS_PANCHAYAT_MEAN,TARGET_T_USES_ONLY_INFORMATION_FROM_T_MINUS_1_OR_EARLIER
2,Example Panchayat 2,2026-08-10,26.2,1.4,76.0,15.6,17.56,73.55,65.0,3.4,0.38,0.64,Agriculture / Forest Edge,Rolling Terrain,25.5,2.5,81.0,17.4,1008.75,8,222,25.5,2.5,81.0,17.4,24.8,0.6,71.0,SIMULATED_DEMO_TRAINING,DEMO_DATASET,PREVIOUS_DAY_CROSS_PANCHAYAT_MEAN,TARGET_T_USES_ONLY_INFORMATION_FROM_T_MINUS_1_OR_EARLIER
2,Example Panchayat 2,2026-08-11,26.9,0.3,71.0,13.8,17.56,73.55,65.0,3.4,0.38,0.64,Agriculture / Forest Edge,Rolling Terrain,26.2,1.4,76.0,15.6,1010.5,8,223,26.2,1.4,76.0,15.6,25.5,2.5,81.0,SIMULATED_DEMO_TRAINING,DEMO_DATASET,PREVIOUS_DAY_CROSS_PANCHAYAT_MEAN,TARGET_T_USES_ONLY_INFORMATION_FROM_T_MINUS_1_OR_EARLIER
2,Example Panchayat 2,2026-08-12,27.6,2.2,81.0,12.0,17.56,73.55,65.0,3.4,0.38,0.64,Agriculture / Forest Edge,Rolling Terrain,26.9,0.3,71.0,13.8,1012.25,8,224,26.9,0.3,71.0,13.8,26.2,1.4,76.0,SIMULATED_DEMO_TRAINING,DEMO_DATASET,PREVIOUS_DAY_CROSS_PANCHAYAT_MEAN,TARGET_T_USES_ONLY_INFORMATION_FROM_T_MINUS_1_OR_EARLIER
2,Example Panchayat 2,2026-08-13,25.15,1.1,76.0,17.4,17.56,73.55,65.0,3.4,0.38,0.64,Agriculture / Forest Edge,Rolling Terrain,27.6,2.2,81.0,12.0,1007.7,8,225,27.6,2.2,81.0,12.0,26.9,0.3,71.0,SIMULATED_DEMO_TRAINING,DEMO_DATASET,PREVIOUS_DAY_CROSS_PANCHAYAT_MEAN,TARGET_T_USES_ONLY_INFORMATION_FROM_T_MINUS_1_OR_EARLIER
2,Example Panchayat 2,2026-08-14,25.85,0.0,71.0,15.6,17.56,73.55,65.0,3.4,0.38,0.64,Agriculture / Forest Edge,Rolling Terrain,25.15,1.1,76.0,17.4,1009.45,8,226,25.15,1.1,76.0,17.4,27.6,2.2,81.0,SIMULATED_DEMO_TRAINING,DEMO_DATASET,PREVIOUS_DAY_CROSS_PANCHAYAT_MEAN,TARGET_T_USES_ONLY_INFORMATION_FROM_T_MINUS_1_OR_EARLIER
2,Example Panchayat 2,2026-08-15,26.55,1.9,81.0,13.8,17.56,73.55,65.0,3.4,0.38,0.64,Agriculture / Forest Edge,Rolling Terrain,25.85,0.0,71.0,15.6,1011.2,8,227,25.85,0.0,71.0,15.6,25.15,1.1,76.0,SIMULATED_DEMO_TRAINING,DEMO_DATASET,PREVIOUS_DAY_CROSS_PANCHAYAT_MEAN,TARGET_T_USES_ONLY_INFORMATION_FROM_T_MINUS_1_OR_EARLIER
2,Example Panchayat 2,2026-08-16,27.25,0.8,76.0,12.0,17.56,73.55,65.0,3.4,0.38,0.64,Agriculture / Forest Edge,Rolling Terrain,26.55,1.9,81.0,13.8,1012.95,8,228,26.55,1.9,81.0,13.8,25.85,0.0,71.0,SIMULATED_DEMO_TRAINING,DEMO_DATASET,PREVIOUS_DAY_CROSS_PANCHAYAT_MEAN,TARGET_T_USES_ONLY_INFORMATION_FROM_T_MINUS_1_OR_EARLIER
2,Example Panchayat 2,2026-08-17,24.8,2.7,71.0,17.4,17.56,73.55,65.0,3.4,0.38,0.64,Agriculture / Forest Edge,Rolling Terrain,27.25,0.8,76.0,12.0,1008.4,8,229,27.25,0.8,76.0,12.0,26.55,1.9,81.0,SIMULATED_DEMO_TRAINING,DEMO_DATASET,PREVIOUS_DAY_CROSS_PANCHAYAT_MEAN,TARGET_T_USES_ONLY_INFORMATION_FROM_T_MINUS_1_OR_EARLIER
2,Example Panchayat 2,2026-08-18,25.5,1.6,81.0,15.6,17.56,73.55,65.0,3.4,0.38,0.64,Agriculture / Forest Edge,Rolling Terrain,24.8,2.7,71.0,17.4,1010.15,8,230,24.8,2.7,71.0,17.4,27.25,0.8,76.0,SIMULATED_DEMO_TRAINING,DEMO_DATASET,PREVIOUS_DAY_CROSS_PANCHAYAT_MEAN,TARGET_T_USES_ONLY_INFORMATION_FROM_T_MINUS_1_OR_EARLIER
2,Example Panchayat 2,2026-08-19,26.2,0.5,76.0,13.8,17.56,73.55,65.0,3.4,0.38,0.64,Agriculture / Forest Edge,Rolling Terrain,25.5,1.6,81.0,15.6,1011.9,8,231,25.5,1.6,81.0,15.6,24.8,2.7,71.0,SIMULATED_DEMO_TRAINING,DEMO_DATASET,PREVIOUS_DAY_CROSS_PANCHAYAT_MEAN,TARGET_T_USES_ONLY_INFORMATION_FROM_T_MINUS_1_OR_EARLIER
2,Example Panchayat 2,2026-08-20,26.9,2.4,71.0,12.0,17.56,73.55,65.0,3.4,0.38,0.64,Agriculture / Forest Edge,Rolling Terrain,26.2,0.5,76.0,13.8,1007.35,8,232,26.2,0.5,76.0,13.8,25.5,1.6,81.0,SIMULATED_DEMO_TRAINING,DEMO_DATASET,PREVIOUS_DAY_CROSS_PANCHAYAT_MEAN,TARGET_T_USES_ONLY_INFORMATION_FROM_T_MINUS_1_OR_EARLIER
2,Example Panchayat 2,2026-08-21,27.6,1.3,81.0,17.4,17.56,73.55,65.0,3.4,0.38,0.64,Agriculture / Forest Edge,Rolling Terrain,26.9,2.4,71.0,12.0,1009.1,8,233,26.9,2.4,71.0,12.0,26.2,0.5,76.0,SIMULATED_DEMO_TRAINING,DEMO_DATASET,PREVIOUS_DAY_CROSS_PANCHAYAT_MEAN,TARGET_T_USES_ONLY_INFORMATION_FROM_T_MINUS_1_OR_EARLIER
2,Example Panchayat 2,2026-08-22,25.15,0.2,76.0,15.6,17.56,73.55,65.0,3.4,0.38,0.64,Agriculture / Forest Edge,Rolling Terrain,27.6,1.3,81.0,17.4,1010.85,8,234,27.6,1.3,81.0,17.4,26.9,2.4,71.0,SIMULATED_DEMO_TRAINING,DEMO_DATASET,PREVIOUS_DAY_CROSS_PANCHAYAT_MEAN,TARGET_T_USES_ONLY_INFORMATION_FROM_T_MINUS_1_OR_EARLIER
2,Example Panchayat 2,2026-08-23,25.85,2.1,71.0,13.8,17.56,73.55,65.0,3.4,0.38,0.64,Agriculture / Forest Edge,Rolling Terrain,25.15,0.2,76.0,15.6,1012.6,8,235,25.15,0.2,76.0,15.6,27.6,1.3,81.0,SIMULATED_DEMO_TRAINING,DEMO_DATASET,PREVIOUS_DAY_CROSS_PANCHAYAT_MEAN,TARGET_T_USES_ONLY_INFORMATION_FROM_T_MINUS_1_OR_EARLIER
2,Example Panchayat 2,2026-08-24,26.55,1.0,81.0,12.0,17.56,73.55,65.0,3.4,0.38,0.64,Agriculture / Forest Edge,Rolling Terrain,25.85,2.1,71.0,13.8,1008.05,8,236,25.85,2.1,71.0,13.8,25.15,0.2,76.0,SIMULATED_DEMO_TRAINING,DEMO_DATASET,PREVIOUS_DAY_CROSS_PANCHAYAT_MEAN,TARGET_T_USES_ONLY_INFORMATION_FROM_T_MINUS_1_OR_EARLIER
2,Example Panchayat 2,2026-08-25,27.25,2.9,76.0,17.4,17.56,73.55,65.0,3.4,0.38,0.64,Agriculture / Forest Edge,Rolling Terrain,26.55,1.0,81.0,12.0,1009.8,8,237,26.55,1.0,81.0,12.0,25.85,2.1,71.0,SIMULATED_DEMO_TRAINING,DEMO_DATASET,PREVIOUS_DAY_CROSS_PANCHAYAT_MEAN,TARGET_T_USES_ONLY_INFORMATION_FROM_T_MINUS_1_OR_EARLIER
2,Example Panchayat 2,2026-08-26,24.8,1.8,71.0,15.6,17.56,73.55,65.0,3.4,0.38,0.64,Agriculture / Forest Edge,Rolling Terrain,27.25,2.9,76.0,17.4,1011.55,8,238,27.25,2.9,76.0,17.4,26.55,1.0,81.0,SIMULATED_DEMO_TRAINING,DEMO_DATASET,PREVIOUS_DAY_CROSS_PANCHAYAT_MEAN,TARGET_T_USES_ONLY_INFORMATION_FROM_T_MINUS_1_OR_EARLIER
2,Example Panchayat 2,2026-08-27,25.5,0.7,81.0,13.8,17.56,73.55,65.0,3.4,0.38,0.64,Agriculture / Forest Edge,Rolling Terrain,24.8,1.8,71.0,15.6,1007.0,8,239,24.8,1.8,71.0,15.6,27.25,2.9,76.0,SIMULATED_DEMO_TRAINING,DEMO_DATASET,PREVIOUS_DAY_CROSS_PANCHAYAT_MEAN,TARGET_T_USES_ONLY_INFORMATION_FROM_T_MINUS_1_OR_EARLIER
2,Example Panchayat 2,2026-08-28,26.2,2.6,76.0,12.0,17.56,73.55,65.0,3.4,0.38,0.64,Agriculture / Forest Edge,Rolling Terrain,25.5,0.7,81.0,13.8,1008.75,8,240,25.5,0.7,81.0,13.8,24.8,1.8,71.0,SIMULATED_DEMO_TRAINING,DEMO_DATASET,PREVIOUS_DAY_CROSS_PANCHAYAT_MEAN,TARGET_T_USES_ONLY_INFORMATION_FROM_T_MINUS_1_OR_EARLIER
2,Example Panchayat 2,2026-08-29,26.9,1.5,71.0,17.4,17.56,73.55,65.0,3.4,0.38,0.64,Agriculture / Forest Edge,Rolling Terrain,26.2,2.6,76.0,12.0,1010.5,8,241,26.2,2.6,76.0,12.0,25.5,0.7,81.0,SIMULATED_DEMO_TRAINING,DEMO_DATASET,PREVIOUS_DAY_CROSS_PANCHAYAT_MEAN,TARGET_T_USES_ONLY_INFORMATION_FROM_T_MINUS_1_OR_EARLIER
2,Example Panchayat 2,2026-08-30,27.6,0.4,81.0,15.6,17.56,73.55,65.0,3.4,0.38,0.64,Agriculture / Forest Edge,Rolling Terrain,26.9,1.5,71.0,17.4,1012.25,8,242,26.9,1.5,71.0,17.4,26.2,2.6,76.0,SIMULATED_DEMO_TRAINING,DEMO_DATASET,PREVIOUS_DAY_CROSS_PANCHAYAT_MEAN,TARGET_T_USES_ONLY_INFORMATION_FROM_T_MINUS_1_OR_EARLIER
2,Example Panchayat 2,2026-08-31,25.15,2.3,76.0,13.8,17.56,73.55,65.0,3.4,0.38,0.64,Agriculture / Forest Edge,Rolling Terrain,27.6,0.4,81.0,15.6,1007.7,8,243,27.6,0.4,81.0,15.6,26.9,1.5,71.0,SIMULATED_DEMO_TRAINING,DEMO_DATASET,PREVIOUS_DAY_CROSS_PANCHAYAT_MEAN,TARGET_T_USES_ONLY_INFORMATION_FROM_T_MINUS_1_OR_EARLIER
2,Example Panchayat 2,2026-09-01,25.85,1.2,71.0,12.0,17.56,73.55,65.0,3.4,0.38,0.64,Agriculture / Forest Edge,Rolling Terrain,25.15,2.3,76.0,13.8,1009.45,9,244,25.15,2.3,76.0,13.8,27.6,0.4,81.0,SIMULATED_DEMO_TRAINING,DEMO_DATASET,PREVIOUS_DAY_CROSS_PANCHAYAT_MEAN,TARGET_T_USES_ONLY_INFORMATION_FROM_T_MINUS_1_OR_EARLIER
2,Example Panchayat 2,2026-09-02,26.55,0.1,81.0,17.4,17.56,73.55,65.0,3.4,0.38,0.64,Agriculture / Forest Edge,Rolling Terrain,25.85,1.2,71.0,12.0,1011.2,9,245,25.85,1.2,71.0,12.0,25.15,2.3,76.0,SIMULATED_DEMO_TRAINING,DEMO_DATASET,PREVIOUS_DAY_CROSS_PANCHAYAT_MEAN,TARGET_T_USES_ONLY_INFORMATION_FROM_T_MINUS_1_OR_EARLIER
2,Example Panchayat 2,2026-09-03,27.25,2.0,76.0,15.6,17.56,73.55,65.0,3.4,0.38,0.64,Agriculture / Forest Edge,Rolling Terrain,26.55,0.1,81.0,17.4,1012.95,9,246,26.55,0.1,81.0,17.4,25.85,1.2,71.0,SIMULATED_DEMO_TRAINING,DEMO_DATASET,PREVIOUS_DAY_CROSS_PANCHAYAT_MEAN,TARGET_T_USES_ONLY_INFORMATION_FROM_T_MINUS_1_OR_EARLIER
2,Example Panchayat 2,2026-09-04,24.8,0.9,71.0,13.8,17.56,73.55,65.0,3.4,0.38,0.64,Agriculture / Forest Edge,Rolling Terrain,27.25,2.0,76.0,15.6,1008.4,9,247,27.25,2.0,76.0,15.6,26.55,0.1,81.0,SIMULATED_DEMO_TRAINING,DEMO_DATASET,PREVIOUS_DAY_CROSS_PANCHAYAT_MEAN,TARGET_T_USES_ONLY_INFORMATION_FROM_T_MINUS_1_OR_EARLIER
2,Example Panchayat 2,2026-09-05,25.5,2.8,81.0,12.0,17.56,73.55,65.0,3.4,0.38,0.64,Agriculture / Forest Edge,Rolling Terrain,24.8,0.9,71.0,13.8,1010.15,9,248,24.8,0.9,71.0,13.8,27.25,2.0,76.0,SIMULATED_DEMO_TRAINING,DEMO_DATASET,PREVIOUS_DAY_CROSS_PANCHAYAT_MEAN,TARGET_T_USES_ONLY_INFORMATION_FROM_T_MINUS_1_OR_EARLIER
2,Example Panchayat 2,2026-09-06,26.2,1.7,76.0,17.4,17.56,73.55,65.0,3.4,0.38,0.64,Agriculture / Forest Edge,Rolling Terrain,25.5,2.8,81.0,12.0,1011.9,9,249,25.5,2.8,81.0,12.0,24.8,0.9,71.0,SIMULATED_DEMO_TRAINING,DEMO_DATASET,PREVIOUS_DAY_CROSS_PANCHAYAT_MEAN,TARGET_T_USES_ONLY_INFORMATION_FROM_T_MINUS_1_OR_EARLIER
2,Example Panchayat 2,2026-09-07,26.9,0.6,71.0,15.6,17.56,73.55,65.0,3.4,0.38,0.64,Agriculture / Forest Edge,Rolling Terrain,26.2,1.7,76.0,17.4,1007.35,9,250,26.2,1.7,76.0,17.4,25.5,2.8,81.0,SIMULATED_DEMO_TRAINING,DEMO_DATASET,PREVIOUS_DAY_CROSS_PANCHAYAT_MEAN,TARGET_T_USES_ONLY_INFORMATION_FROM_T_MINUS_1_OR_EARLIER
2,Example Panchayat 2,2026-09-08,27.6,2.5,81.0,13.8,17.56,73.55,65.0,3.4,0.38,0.64,Agriculture / Forest Edge,Rolling Terrain,26.9,0.6,71.0,15.6,1009.1,9,251,26.9,0.6,71.0,15.6,26.2,1.7,76.0,SIMULATED_DEMO_TRAINING,DEMO_DATASET,PREVIOUS_DAY_CROSS_PANCHAYAT_MEAN,TARGET_T_USES_ONLY_INFORMATION_FROM_T_MINUS_1_OR_EARLIER
2,Example Panchayat 2,2026-09-09,25.15,1.4,76.0,12.0,17.56,73.55,65.0,3.4,0.38,0.64,Agriculture / Forest Edge,Rolling Terrain,27.6,2.5,81.0,13.8,1010.85,9,252,27.6,2.5,81.0,13.8,26.9,0.6,71.0,SIMULATED_DEMO_TRAINING,DEMO_DATASET,PREVIOUS_DAY_CROSS_PANCHAYAT_MEAN,TARGET_T_USES_ONLY_INFORMATION_FROM_T_MINUS_1_OR_EARLIER
2,Example Panchayat 2,2026-09-10,25.85,0.3,71.0,17.4,17.56,73.55,65.0,3.4,0.38,0.64,Agriculture / Forest Edge,Rolling Terrain,25.15,1.4,76.0,12.0,1012.6,9,253,25.15,1.4,76.0,12.0,27.6,2.5,81.0,SIMULATED_DEMO_TRAINING,DEMO_DATASET,PREVIOUS_DAY_CROSS_PANCHAYAT_MEAN,TARGET_T_USES_ONLY_INFORMATION_FROM_T_MINUS_1_OR_EARLIER
2,Example Panchayat 2,2026-09-11,26.55,2.2,81.0,15.6,17.56,73.55,65.0,3.4,0.38,0.64,Agriculture / Forest Edge,Rolling Terrain,25.85,0.3,71.0,17.4,1008.05,9,254,25.85,0.3,71.0,17.4,25.15,1.4,76.0,SIMULATED_DEMO_TRAINING,DEMO_DATASET,PREVIOUS_DAY_CROSS_PANCHAYAT_MEAN,TARGET_T_USES_ONLY_INFORMATION_FROM_T_MINUS_1_OR_EARLIER
2,Example Panchayat 2,2026-09-12,27.25,1.1,76.0,13.8,17.56,73.55,65.0,3.4,0.38,0.64,Agriculture / Forest Edge,Rolling Terrain,26.55,2.2,81.0,15.6,1009.8,9,255,26.55,2.2,81.0,15.6,25.85,0.3,71.0,SIMULATED_DEMO_TRAINING,DEMO_DATASET,PREVIOUS_DAY_CROSS_PANCHAYAT_MEAN,TARGET_T_USES_ONLY_INFORMATION_FROM_T_MINUS_1_OR_EARLIER
2,Example Panchayat 2,2026-09-13,24.8,0.0,71.0,12.0,17.56,73.55,65.0,3.4,0.38,0.64,Agriculture / Forest Edge,Rolling Terrain,27.25,1.1,76.0,13.8,1011.55,9,256,27.25,1.1,76.0,13.8,26.55,2.2,81.0,SIMULATED_DEMO_TRAINING,DEMO_DATASET,PREVIOUS_DAY_CROSS_PANCHAYAT_MEAN,TARGET_T_USES_ONLY_INFORMATION_FROM_T_MINUS_1_OR_EARLIER
